,income
9440,0
18870,1
11404,0
1849,1
19386,1
25256,1
27341,1
25423,1
17345,0
12212,1
22806,1
28591,1
78,0
2420,1
28584,0
22794,0
15876,0
23213,0
11456,0
29038,0
11103,0
19797,0
12582,0
13760,0
10156,1
17202,1
7136,1
10030,1
27561,0
7364,0
31558,1
9222,0
31065,0
18512,1
21275,0
23547,1
2633,1
15619,0
11705,0
16751,1
7543,0
24052,1
26677,0
9469,0
27634,1
24649,0
30046,1
1437,1
25163,1
9027,1
23883,0
5057,1
8083,0
5566,1
22852,1
21102,0
11243,1
14188,0
16782,1
20766,0
1405,1
8986,1
24008,1
6113,1
11603,1
1981,1
11575,1
27340,0
972,1
18169,0
6076,0
23235,0
1036,0
20378,1
16276,1
10941,0
1474,0
9097,0
15867,1
3497,1
12695,0
19154,0
27895,0
18817,1
25332,0
20234,1
4748,0
18676,1
19492,1
23085,0
4058,1
21059,1
23130,0
19889,1
27955,1
25047,0
25665,1
7529,1
19804,1
19508,0
7567,0
9092,0
20283,1
4513,0
11613,1
22646,0
18605,0
27523,0
8122,1
16805,1
12220,1
15943,0
30448,1
14436,0
24763,1
4719,0
23957,0
12542,1
7172,0
30376,1
1782,0
9662,0
31445,0
29673,0
22559,1
6848,1
9335,0
11054,0
31506,0
4680,1
32243,1
4797,1
18320,0
8359,1
29245,1
11721,1
14680,0
23922,0
8935,0
7718,0
5786,0
28475,0
7877,1
23713,0
15979,1
5432,0
26451,1
20145,0
12778,0
28354,0
1862,1
31268,0
6188,0
2828,1
24170,0
3306,0
19305,1
14517,0
27242,0
26607,1
28769,1
14889,1
20164,0
32139,0
22929,0
28411,0
10564,1
12927,1
21563,0
21252,1
16812,1
1094,0
7804,1
26061,0
4709,1
26586,1
13654,0
968,1
17495,1
27930,0
25424,1
16423,0
3143,1
14518,1
28155,1
8775,0
11786,0
29446,1
19124,1
6389,1
30591,0
26889,1
24108,1
10713,1
17494,1
21425,1
6119,1
31071,1
28066,0
9857,0
27761,0
21307,1
4012,0
4539,1
22678,0
20027,0
9497,1
15877,0
31104,1
14402,0
26060,1
20505,0
31516,0
24155,1
4765,1
10643,0
14058,0
14078,1
17295,0
28731,0
20117,1
9559,0
11551,1
18125,1
14958,0
26348,1
31679,0
23512,1
5708,1
11055,0
14800,0
15654,1
20091,0
2862,0
26994,0
10111,1
30042,1
7330,0
19453,0
23535,1
28541,0
24436,0
20357,1
3756,0
15104,0
7783,1
30080,0
9318,1
1562,1
29247,1
29467,0
24222,0
25787,1
2034,0
20593,1
7487,0
4663,0
3902,0
17708,1
16893,0
25004,1
12897,0
27764,1
16289,1
6617,0
19096,1
25659,1
22716,0
20030,1
14579,1
28331,1
11340,1
1207,1
22500,1
32328,0
3576,0
832,0
7325,1
24274,1
17220,1
13915,0
29557,1
8167,0
31789,0
6723,0
22144,1
24381,0
14017,1
25465,0
23632,0
6302,1
10171,0
29311,0
22056,0
25345,1
25560,1
2588,1
28620,0
11361,0
26666,1
6453,1
31390,1
10402,0
3059,0
5547,0
17404,0
28273,0
28246,1
24830,0
1223,0
11874,1
11729,0
1118,1
13589,1
2797,0
5219,0
20500,0
31720,1
1335,0
5090,0
20111,1
23288,1
1858,0
1921,1
10525,1
19643,0
2062,0
13891,1
11037,1
415,1
10975,1
32365,0
5819,1
22429,1
19489,0
3614,0
17846,0
21164,0
6958,1
7332,0
15923,0
21235,1
24161,0
26364,0
31851,0
32249,1
358,0
14702,0
666,0
30819,1
17664,1
7608,0
17683,0
6377,1
13191,0
28035,0
5751,0
22974,0
10509,1
25105,1
32175,1
8703,0
31849,0
15950,1
2519,0
14786,1
15520,0
19785,1
22076,0
15227,0
18529,1
28258,0
20458,1
21296,0
2216,0
10077,0
7809,1
13995,1
16572,0
30536,0
17756,0
31411,0
4130,0
11980,1
16086,1
12863,1
2977,1
18615,1
14101,0
31258,1
25302,0
15517,0
21101,0
12069,0
25134,1
3410,1
3523,1
12026,1
12984,0
10546,0
10490,1
3333,1
8132,0
11587,0
29767,0
4445,1
23618,0
28774,0
23149,1
11692,0
27899,1
24996,0
31116,0
32104,0
27482,1
32132,0
1810,0
20423,1
6982,0
4627,0
13875,0
1350,1
11309,0
2964,0
1795,1
9493,0
8674,0
23374,1
15579,0
20161,1
28382,0
959,1
17191,1
26004,0
20468,1
1612,1
4334,0
15911,0
27129,0
4955,0
32039,0
18950,0
17689,0
8142,1
30062,0
22172,0
2462,1
7374,1
14776,1
21201,1
8418,0
13355,0
2484,1
31914,0
2334,1
28162,0
23578,0
527,0
9363,0
19826,0
25422,1
29926,0
10932,1
28520,0
31082,1
11725,0
8235,1
13890,1
16729,0
15825,1
6014,1
9757,1
14415,1
5669,0
21100,1
21636,1
10268,0
26206,1
32348,1
17344,1
12425,1
22785,1
14797,1
3488,0
19631,0
1819,1
15467,0
8998,0
30619,0
30801,0
10794,0
12710,1
17447,1
5409,0
28342,0
31449,0
20498,1
10652,0
14816,1
20572,0
20247,0
14933,1
25266,1
25688,0
9935,0
8097,0
16020,0
23874,1
782,1
29605,1
5435,1
11598,0
19721,0
30758,0
21786,0
18330,1
3180,1
15312,1
21837,0
18998,0
5792,1
28027,0
19855,0
24095,0
5844,0
11028,0
9462,1
16799,1
21799,0
8078,0
18632,0
808,1
24879,1
24484,0
13530,1
9783,0
22588,0
12343,1
17682,1
29872,0
26319,1
20065,1
628,1
10295,0
25924,1
27057,0
10405,1
3130,0
22922,1
16354,0
29758,0
19001,0
639,1
19514,0
7577,1
1486,0
28274,0
13803,0
15621,1
4770,0
22419,0
2115,0
13365,1
14782,1
857,1
31462,0
9333,0
13333,1
18875,0
1418,1
22066,1
8564,1
1267,0
24761,0
4759,0
27614,0
10773,1
1281,1
17342,0
16902,1
12347,0
11450,1
17613,1
21922,0
9673,1
31414,0
20046,1
3724,1
32363,1
23583,1
6177,1
3050,1
25466,1
18668,0
4566,1
17753,1
24438,1
25228,1
22320,0
15796,0
3817,1
2272,0
12928,0
8917,1
4496,0
693,0
4661,1
17702,1
22619,1
9124,1
28713,1
27824,1
29255,0
17953,0
31342,1
8295,0
25854,0
14601,0
23777,1
17558,0
7175,1
3664,1
16921,0
30741,0
5535,1
17124,0
22832,1
26157,1
14223,1
29157,0
8772,1
19910,1
22384,1
19242,0
28117,1
26067,1
25714,0
22185,1
1735,1
24568,0
12726,1
8539,1
8081,0
21369,0
1181,1
2764,0
15185,1
7163,0
7276,0
27645,1
20224,0
30173,1
15532,1
12336,0
16737,0
19271,1
24205,1
30814,1
20710,0
29681,0
30996,0
31956,1
22758,0
25645,1
11887,0
13278,1
16763,0
29766,1
5647,1
16200,1
31009,0
32164,0
581,1
7396,0
925,0
8692,1
32180,1
11041,1
29192,1
6392,0
7133,0
28632,1
18692,0
24219,0
27880,1
19007,0
1157,1
30959,1
17784,0
30949,1
27240,1
8776,1
10128,0
23387,1
12216,1
14541,1
13811,0
21353,0
30576,0
22418,1
6321,0
22652,1
32349,1
7929,1
12833,1
1082,0
8407,1
20961,0
25124,1
23851,0
23834,1
24639,1
8852,1
14791,1
21468,0
19344,1
28543,1
19617,0
8101,0
17334,0
4574,0
20230,0
21731,1
30109,0
21670,1
16776,1
173,0
23960,1
24887,1
16230,0
14768,1
22035,0
28960,1
29078,1
3711,0
4949,1
5937,0
19465,1
19199,1
27621,0
24345,0
12361,0
28116,0
28240,1
22581,1
32108,1
9150,0
21305,1
18563,1
23958,1
28652,1
7046,0
7184,0
24072,0
28231,0
27678,0
20187,0
3510,0
17208,0
19240,1
7515,1
20062,1
12944,1
21154,1
10808,1
3655,1
18826,1
19192,0
13980,1
19887,1
7517,0
5568,1
2738,1
5466,0
14696,1
26776,0
22883,0
12975,1
3578,1
29646,0
14113,1
17872,1
8741,0
2245,1
5678,0
24206,0
10565,0
12827,1
24369,1
6560,0
30778,1
10680,0
12152,0
20914,1
7245,0
13683,0
4625,1
25042,1
32405,1
28457,1
10376,1
12543,1
11573,1
14852,0
32150,1
24156,1
30533,0
4934,1
2838,0
2660,1
16512,1
24421,1
10288,1
8937,1
18848,0
27779,1
13224,1
14666,1
1462,1
11901,0
4005,1
13383,0
14219,0
29893,0
32353,0
1261,1
7525,0
17881,0
26622,1
21586,1
9963,1
23342,1
1865,0
31794,1
4969,1
16603,0
21465,1
10348,0
26398,1
5017,0
1319,1
31751,1
2406,1
31960,0
15645,1
16841,1
11579,1
8384,0
18864,1
17153,1
5603,0
1740,1
20795,1
13711,0
31469,1
8906,0
9632,0
23062,0
30675,0
1583,1
29819,1
12870,1
10712,0
30407,0
4442,0
27672,0
28741,0
21459,0
898,1
16938,1
20289,1
20563,1
22093,0
20239,1
25526,0
449,0
6795,1
22519,0
1868,0
5829,1
21971,1
17718,0
27656,0
11154,1
8897,0
2206,1
12551,1
12331,0
21985,0
27567,0
5516,1
32521,1
9808,0
13751,0
5810,0
17151,0
30640,1
13453,0
1164,1
32231,1
350,1
10861,0
3471,0
27483,0
15443,0
2066,1
20435,1
20632,1
20574,0
24591,1
6721,0
11608,0
15121,1
15335,1
17757,1
7243,0
1872,1
24882,0
24404,1
13330,1
30895,0
1625,1
5613,0
15866,0
8414,0
23700,1
16697,1
5966,1
25020,1
21901,0
12828,1
6955,1
17149,1
27006,1
895,0
11891,0
20412,0
21375,1
14623,1
7553,1
14897,0
5904,0
13187,0
4571,1
16046,1
23814,1
19516,1
4530,0
10416,0
31072,0
921,0
1801,0
8268,1
25800,1
2730,0
12267,0
8538,1
21225,1
15068,1
26712,1
28501,1
1946,0
22331,0
28905,1
7323,0
23534,1
25679,1
3365,1
5592,0
28853,0
17190,1
8279,0
1052,1
6667,1
3896,0
4868,0
26162,1
28633,1
11581,1
32516,0
23991,0
11892,1
8955,0
27233,0
7315,1
18859,1
30766,1
17997,1
3448,1
1453,1
8823,1
8529,0
1557,0
10722,1
10099,1
17356,0
26228,0
24707,1
2240,1
3613,0
8158,1
28707,0
18394,1
3453,0
31754,1
23817,0
26109,0
27175,1
14182,0
12316,1
29093,1
2696,0
2360,0
14161,0
3264,0
11074,1
31591,1
25072,1
7180,0
31372,0
24033,1
10719,0
20909,1
16337,0
12651,1
8121,0
12920,1
26119,0
2847,0
393,1
6811,0
3598,0
12767,0
28630,0
13546,1
17408,1
26356,0
9096,0
308,1
10628,0
9957,0
23833,0
6631,1
8477,1
7349,1
28017,0
5184,0
28238,1
8034,1
12940,0
30460,1
12294,0
12251,1
2551,0
18372,0
18562,0
1938,1
17658,1
16684,1
31271,1
17109,1
4653,0
24022,1
15640,0
1246,1
4356,0
15375,1
7274,0
10667,0
11526,0
8444,0
31955,1
18203,1
12938,0
20768,0
28981,0
9809,1
10672,0
16658,0
6322,1
5683,1
30089,1
5888,0
1875,1
22688,1
18241,1
9537,0
28830,1
9943,1
9149,0
21724,1
7909,1
7894,1
15914,1
11670,1
22644,0
13202,1
8294,0
11328,0
31566,1
21107,1
26906,1
4828,0
3588,0
18448,1
10759,0
25632,0
20031,0
27958,0
23253,0
23927,1
2092,0
25485,0
16736,1
2410,0
25445,1
8881,1
21341,1
2707,1
197,1
19756,1
31216,0
7960,0
30973,0
17566,1
1225,0
10075,0
30462,0
6425,0
19886,1
7474,1
8441,0
76,0
13185,0
2257,0
26346,1
15798,1
22437,1
30309,1
24722,0
9003,1
24971,0
11803,1
9860,0
10433,0
24849,1
22993,1
7345,1
13241,0
21566,0
27894,0
26541,1
16026,1
31209,1
27079,0
27532,0
870,1
15378,1
28811,1
10846,1
23689,0
28977,1
8254,1
24364,1
29888,1
26120,0
22825,1
30531,0
27092,0
12304,0
11995,1
4041,0
12700,1
25490,0
7108,1
22693,1
14031,1
29174,0
22321,1
6670,0
22569,0
2652,1
25180,1
31993,1
20462,1
18905,1
30834,0
32362,0
14724,0
7996,1
29670,0
5715,1
7425,0
26523,0
30342,1
14585,0
13509,1
15673,1
20048,1
18819,1
19559,1
31290,0
25017,0
30461,1
10601,0
20715,0
31942,0
28787,0
11349,1
31647,1
16679,1
15816,0
19648,0
17985,0
15079,1
19324,1
24435,1
27415,1
23653,0
7865,1
30025,0
19568,1
96,1
21695,1
8019,1
32026,1
25621,1
1337,1
13605,1
24386,1
157,0
10261,1
27974,0
6335,1
19345,1
29071,0
5223,0
20246,1
18274,0
521,1
27604,0
6464,0
12958,1
12822,0
17222,0
12365,0
233,0
23728,0
159,0
2713,1
15105,0
24719,1
27054,1
11036,1
18250,0
7787,1
24680,1
6908,0
15176,0
3490,0
4722,0
4338,1
28042,1
25608,1
24314,1
31681,1
24348,1
11186,1
23688,0
7863,0
7679,1
977,1
10418,0
29920,1
18419,0
13005,1
29534,1
14526,0
20201,1
30955,0
19055,0
32140,0
3217,1
26628,0
16493,0
3198,1
2655,0
12274,0
28985,1
16031,0
19253,0
29938,0
10813,0
2239,0
2825,0
30672,0
17022,1
20420,0
9157,0
17456,1
6195,1
7510,0
25210,0
30993,1
14594,1
5927,1
17734,1
20821,0
10855,1
16165,1
3116,0
19079,1
3754,1
17792,1
14734,1
20595,0
9433,0
29089,0
25767,1
26641,0
11324,1
1189,0
8446,1
26237,1
8653,0
31356,0
28102,0
16892,0
32366,1
4359,1
28915,1
2737,0
553,0
9039,1
28829,0
10544,0
15152,0
32276,0
8044,0
2946,0
13808,1
24723,1
13743,1
19311,0
30808,0
25937,1
13239,0
16372,0
23134,0
3249,1
32495,1
16569,0
17238,1
30879,1
23162,1
719,1
30074,0
18761,0
12976,1
22249,0
4254,0
30752,1
573,1
6366,0
4466,1
22650,1
6990,1
29336,1
20290,0
21489,0
11614,1
31343,1
22983,0
13247,1
29822,1
13477,0
30977,1
27317,1
18278,1
25899,1
26968,1
24661,1
7080,1
16074,0
970,1
12865,0
9383,1
27859,1
745,1
4890,0
25596,1
30787,0
26509,1
3786,1
20487,0
5307,1
9605,0
16650,1
26339,1
2251,0
15685,1
29996,0
23166,1
1492,1
10252,1
5935,1
28015,0
17458,0
2962,1
22780,0
10888,1
8247,1
13255,1
8757,0
10174,1
1962,1
2430,1
17918,0
25745,1
23147,0
6427,1
20577,0
3608,0
20127,1
31919,0
27933,1
10788,0
12929,1
6451,1
29546,1
17793,0
24245,1
22389,0
17594,0
6875,0
12982,1
21077,1
20569,1
5975,1
18592,0
18557,0
10670,1
29959,0
30115,0
23026,1
14117,0
5302,0
29358,0
9289,0
10934,1
19709,0
10991,1
26413,0
3774,1
13505,1
20351,0
6847,1
10246,0
25363,1
31894,0
26478,1
29107,1
14029,0
31281,0
12242,1
5726,1
23268,0
12475,1
21803,0
19430,0
7769,0
31210,1
19173,1
17724,0
11004,1
11095,1
26414,0
5980,0
19712,0
7731,1
12282,1
13027,0
14124,0
32336,0
5416,1
3144,1
23297,1
27517,0
16820,0
10524,0
23574,1
3129,1
9128,1
31876,1
17749,1
25436,0
31705,1
17313,0
22850,0
13553,1
7065,0
4346,0
23554,1
29483,1
31284,1
19447,0
361,1
19682,1
30867,0
5528,1
20260,0
31303,0
7982,1
29891,0
29539,1
909,0
14366,1
10133,1
4481,0
27638,1
17820,0
29104,1
563,0
26460,1
29075,0
30986,1
30767,1
18524,1
4526,0
31140,1
10587,1
14615,0
19767,0
30459,0
13642,0
29956,1
26018,1
5020,0
13244,1
4565,0
3056,1
6657,0
10820,0
1603,1
24806,0
16631,1
26106,1
2252,1
31048,1
3980,1
13863,0
10731,0
14309,1
1493,1
29182,0
24194,1
73,0
1008,1
24332,0
11479,0
21727,0
14604,1
2271,0
30719,1
724,1
2560,1
1933,1
5753,1
29776,0
29145,0
8400,1
29368,0
17431,1
30610,0
5939,1
1159,0
11014,1
14445,0
6450,0
29123,0
25342,0
13439,1
10507,1
31386,0
21429,0
31946,1
20983,1
9713,0
27549,0
26082,1
21442,0
4800,0
31499,0
9922,0
11192,1
28922,0
15365,0
6557,0
11750,1
28009,0
29246,0
23545,0
25335,0
26200,0
27950,1
30263,1
4903,0
20143,1
6553,1
22900,0
15337,1
17498,0
8347,0
28976,1
23537,1
1210,1
6103,1
8697,1
609,0
23234,1
15040,0
15994,1
21167,0
1466,0
26371,0
12797,0
4662,0
22188,0
11108,1
6819,0
14482,1
18641,0
30789,0
1972,1
23980,1
14712,1
24542,0
13137,0
14481,0
30957,1
31142,1
17610,0
20630,1
803,0
1694,0
3617,0
20657,0
6525,0
21915,1
1547,0
18542,0
25629,0
1235,0
16169,0
32060,0
32352,1
13717,1
19443,0
13201,1
18401,1
12588,0
3299,0
21690,1
31248,0
3982,0
135,1
8317,0
27593,1
2153,1
22191,0
20268,1
16690,0
26748,1
16790,1
29256,0
22169,1
4540,1
32519,0
9065,0
15115,1
32024,0
17323,1
5002,0
8849,0
15354,0
29121,0
26076,0
26818,0
618,0
14834,1
7730,1
18528,1
23174,0
27768,0
822,0
9345,1
7081,1
22953,1
6226,0
6004,0
6418,1
17902,0
13010,0
15363,1
31950,1
9162,0
20848,0
30703,1
17596,0
17995,0
24011,1
24499,1
18665,1
24171,1
31292,0
12576,0
15663,1
23925,0
4873,1
4246,1
17707,1
3652,1
28330,1
10038,1
24826,0
3262,1
10283,1
25707,1
13609,0
27050,1
26479,0
1457,0
11570,0
26735,1
15012,0
19401,1
13988,0
4031,1
927,1
20887,0
29598,1
4517,0
18080,1
14977,0
6225,1
8913,0
17280,1
26603,1
24190,0
1645,1
8616,1
2883,1
14533,0
11144,1
27867,0
12101,0
19347,1
19016,1
12062,1
13573,0
13266,0
6001,0
18622,0
1013,1
16162,1
12760,0
27193,1
27524,0
13367,0
18199,1
22296,1
16506,0
11714,1
19063,1
16012,1
27316,0
20009,0
27408,0
3730,0
1772,1
17072,1
27115,1
10484,1
27369,1
32492,0
24232,1
3027,1
27710,1
10925,0
11240,0
20570,1
26007,1
19495,1
30553,0
6883,0
23280,1
2637,1
27083,1
26731,1
2110,1
6350,1
29301,1
13471,0
288,0
26488,1
19071,1
18926,1
20559,1
26127,0
2627,0
29240,1
22695,1
11915,1
11123,1
27676,0
14499,0
15613,1
13494,1
14619,1
20975,1
29272,0
3174,0
28865,0
3697,0
6482,1
1351,1
31859,1
27310,0
24969,0
24267,1
24796,0
15016,0
20396,0
32020,0
23492,0
19630,0
6749,1
27127,0
22826,0
20990,0
2998,0
1937,0
28700,0
16662,1
29667,1
11385,0
11180,1
14967,0
18889,1
4468,0
7584,0
26036,0
16896,0
30862,1
9197,1
11007,1
28004,0
19840,1
412,0
1682,1
29564,1
20070,1
11336,0
20897,1
9276,1
11511,1
26950,1
20877,0
14077,1
31547,0
25823,1
20693,1
14557,1
3539,1
6802,1
29614,1
8762,0
8478,1
18427,0
17958,1
30383,1
1722,1
22484,0
2160,1
11671,0
17319,0
30193,0
7,1
3268,1
31185,1
287,0
24059,0
13916,1
1738,1
713,0
31512,1
13888,0
7064,0
5213,0
15771,1
32278,0
7751,0
24021,1
13819,0
12663,0
11839,0
31250,1
31244,1
23366,1
10503,0
24286,0
22990,1
27582,0
13631,0
30499,0
26909,1
29495,0
11780,1
23270,1
15708,0
9193,0
796,0
27963,1
19044,0
27533,1
29970,0
27035,1
6747,0
9685,1
2488,0
32515,1
16186,0
15369,1
7083,1
29148,1
10766,1
13273,0
14975,0
10422,0
27401,1
5320,0
18317,0
20079,1
7813,0
27793,0
26659,0
500,0
29952,0
8391,1
21748,0
15567,0
26469,0
4110,0
23025,1
16003,0
32486,1
18399,0
28502,0
31338,0
21903,0
29691,0
2287,1
18142,1
23497,0
31160,1
16677,1
20996,1
19458,0
9992,1
31694,0
6349,0
30713,1
1572,0
6656,1
29364,0
25296,1
4327,1
27747,0
3932,1
23205,0
10134,1
27631,0
4374,1
20952,0
17035,1
374,0
22448,1
11088,1
399,1
20987,1
15140,1
2921,0
1098,1
26377,0
15915,1
12740,0
28121,0
12814,1
16615,1
31601,1
24469,0
17412,0
13318,0
23160,0
3602,1
28524,1
16081,0
28564,0
2929,0
30130,0
31806,1
22276,1
31385,0
15325,1
29361,0
21815,1
26379,1
4817,0
16720,0
3945,1
30285,1
11548,0
27062,1
5694,1
20726,1
23655,0
12368,0
2612,0
25439,0
7642,0
5651,0
23887,0
25212,0
20537,1
23295,1
22938,1
19796,1
5149,0
16375,0
1619,0
20151,1
2667,0
17835,1
13641,0
9091,1
30045,1
23830,1
21051,0
17027,0
24276,0
19857,1
20591,1
11145,0
5201,0
19320,0
7247,1
15869,1
10705,1
32233,1
3827,0
14770,0
4799,0
16494,1
29523,1
2958,0
19844,0
24724,0
30343,0
7102,1
5582,1
6570,0
25538,1
21470,0
4002,0
1538,0
25736,1
3995,0
24922,1
26079,0
1666,1
479,0
15916,0
19486,0
10022,0
1498,1
21934,0
22923,0
16424,1
25591,1
30006,1
20207,1
1316,1
5403,1
29057,1
1420,0
28043,0
168,0
1362,0
6742,0
5013,1
14963,1
5794,1
21181,1
18272,0
30966,0
1399,1
6010,0
18771,0
13831,1
13325,0
21186,0
20959,0
3111,1
3238,0
5043,1
30022,1
13340,1
31707,1
7706,0
26077,1
12153,1
12375,0
12813,1
26858,0
25717,1
12527,1
9500,1
19713,1
22102,0
25675,0
25585,0
30013,1
15064,1
10428,1
27845,1
17744,0
2752,1
15650,0
8221,1
3854,0
3029,0
26153,0
1276,1
27743,0
10216,1
12952,0
24216,0
30881,0
23724,0
22245,1
828,0
2848,1
26164,1
18672,1
20911,0
16204,0
19783,0
12257,1
18327,0
7677,1
5747,0
8992,1
25784,1
27068,0
30206,1
32509,1
19010,0
4486,1
25993,0
18002,1
25303,0
23103,0
26642,0
1354,0
13184,1
27536,1
5946,1
10607,0
28014,0
25566,1
22319,1
2589,1
18734,0
13287,1
30756,0
16670,0
3599,1
1780,1
31245,1
27318,0
27395,0
12200,1
13061,1
4319,0
32529,0
23842,1
25032,0
7039,0
6481,1
31363,0
182,0
14280,1
9564,1
16598,1
12804,0
23993,1
8397,0
10106,0
12537,0
21882,1
27363,0
29439,1
9627,0
30479,0
9505,0
28366,0
31809,1
2492,0
6598,0
19428,1
24016,1
7215,0
8270,0
17478,1
747,0
15966,0
3164,1
19004,0
10862,0
22212,0
18969,0
3927,1
29601,1
15094,1
17858,0
23686,1
4393,0
14725,0
21008,0
18252,0
18255,1
23837,1
8503,1
12879,0
12607,0
16016,0
6045,0
11190,1
27456,0
14646,0
28542,1
13677,1
958,1
8278,0
17150,0
20118,1
25280,0
6114,1
24751,0
5264,0
1532,1
20653,1
22577,1
8493,0
24399,0
534,1
3651,1
4301,0
4460,0
30282,1
24895,0
6658,1
1723,1
25143,1
27388,0
13930,0
22478,0
25994,1
28648,0
22485,0
18931,0
591,0
324,0
4177,1
3654,1
32536,1
13422,1
25734,1
12522,1
31724,0
16829,0
18258,1
32141,1
14439,0
29687,1
2724,1
28082,1
21453,0
14637,0
8515,0
20350,0
4692,1
8021,1
9103,1
27823,1
9415,1
1172,1
18122,1
11303,0
15117,0
4267,1
6902,1
12632,0
4939,1
1117,0
30171,1
17780,1
27283,1
2331,0
26946,1
14179,1
24999,0
29551,0
26759,0
16476,1
5153,1
18426,1
22048,0
13616,0
13824,0
26859,1
30457,0
26595,0
27578,1
24074,1
29761,0
32376,1
2315,0
25696,0
18300,0
28814,1
24328,0
11984,0
25299,0
11390,0
11381,1
20262,0
22920,0
11173,1
14851,1
30915,0
5480,0
5886,0
10164,0
25810,1
29750,1
15122,0
1314,1
25882,0
12729,0
22020,0
24464,0
19283,1
31791,0
25677,0
8196,1
24873,1
31515,0
9811,1
161,0
15878,0
6874,1
32214,0
14338,0
8798,1
22724,0
4474,1
8555,0
31005,0
9041,0
10987,0
10558,0
21719,0
10136,0
25609,0
25562,0
18903,0
9870,1
3660,0
20842,0
20988,0
11948,1
28817,0
3230,1
19968,0
21288,0
12500,1
20797,1
18163,0
454,1
20875,1
12473,1
6826,0
13192,1
27911,1
2429,0
17782,1
5680,1
19134,1
16500,0
7589,1
13440,0
9395,0
22392,0
2711,0
20353,1
18007,1
28345,1
8596,0
21014,1
26383,1
16483,1
8440,1
25729,0
12334,1
27308,0
18157,0
21204,1
16263,1
26152,1
27522,0
25589,1
24357,0
3933,0
20194,0
13756,0
25344,1
9339,1
4609,0
13704,0
26096,0
3763,1
28032,0
6003,1
28255,0
2215,1
27103,1
13194,1
7439,1
23609,0
8264,1
5573,0
31382,0
5195,0
7357,1
27720,0
20910,0
6522,1
29251,0
1358,0
16596,0
9621,0
2836,0
526,1
2985,0
19381,0
16164,1
13461,1
15643,0
5591,1
30994,1
22100,0
7891,1
8117,1
22871,0
22756,0
23286,1
17685,1
21256,0
8977,1
21240,1
25094,0
23120,0
16231,0
29134,1
3867,1
24832,1
25366,1
16517,1
27022,1
14435,1
23265,1
6957,0
15738,1
16073,1
30720,0
16170,1
1783,1
16120,1
16202,0
24057,1
7717,0
27942,0
4768,1
19672,0
4284,0
28519,1
26473,1
28302,1
7334,1
5042,0
6490,1
11609,1
29276,0
11409,0
3978,0
4479,1
16750,0
10733,1
7032,1
32412,1
1652,0
19498,1
12503,0
19452,0
14007,1
31741,1
9738,1
16400,0
30914,1
7483,1
19445,1
2944,0
3273,1
9555,1
22709,0
12439,0
4643,0
18436,1
12578,0
12209,0
20525,0
23247,1
16823,1
2808,0
28500,0
10576,1
27977,1
25586,1
32050,0
17886,0
18465,0
1310,0
25096,0
13668,0
14192,1
7282,0
30929,1
4734,0
10724,1
28212,1
2649,0
29675,1
6567,1
25291,1
139,1
14206,0
7263,1
24132,1
21471,1
3597,0
17279,1
831,1
16462,1
8996,0
740,0
20035,0
21299,0
4493,0
12498,0
1979,0
26198,0
27166,0
25384,1
19858,0
9488,1
9346,0
10783,1
26249,0
9927,1
9390,1
22546,0
1294,0
21571,1
20373,1
21021,0
10654,1
5865,1
1137,1
28513,0
12011,1
6545,1
27411,1
20808,1
12650,0
19399,0
2890,0
4988,0
18929,1
13326,1
20430,0
12694,0
26329,1
16258,1
32115,1
5969,0
18280,1
86,1
414,0
12963,0
3047,0
30575,1
6248,1
24092,1
7967,0
1893,1
8194,0
14826,0
14398,1
2615,0
13825,1
22267,1
13538,1
11999,0
17590,1
29037,1
24486,0
28134,0
12084,0
16914,1
31020,1
15109,0
17366,0
9596,1
7514,0
11429,0
16168,1
4549,1
7303,1
20716,1
25122,1
7987,1
18601,0
3323,0
14210,0
2624,1
3991,0
13171,1
11810,1
27328,0
11457,0
691,0
29814,0
2954,0
21472,1
26507,1
4400,0
10206,0
3127,0
20384,1
8206,1
26445,0
3381,1
27736,1
24360,0
23971,1
1678,0
32058,1
12572,0
3081,0
198,1
4772,1
28780,1
21347,1
11794,1
2489,0
23737,1
19558,1
3079,1
16669,0
24285,1
2502,0
1166,1
22973,0
21508,0
14465,1
28249,1
19893,0
1476,0
12307,1
18175,0
24506,0
12373,0
14944,1
21333,0
20479,1
22379,0
21364,1
16292,0
29579,0
30237,1
4380,1
6082,1
9042,0
28518,1
8812,1
13089,0
17735,0
17493,1
24334,0
23116,1
31395,1
20552,0
20203,1
19267,0
3653,0
13125,1
2332,1
29702,1
11588,0
22627,0
23998,0
29656,0
19037,0
22848,0
9,1
29649,0
19749,0
31349,0
626,1
29124,1
21263,0
652,1
26026,0
24110,1
29867,0
30308,1
14315,1
8149,1
29801,0
13850,1
12253,0
2023,0
13656,1
3758,1
10657,0
23230,0
1460,1
4077,0
10223,0
31125,0
22433,1
21900,1
27215,1
8558,0
9145,0
22935,0
15180,1
6030,1
16501,0
17892,0
24261,0
23336,0
10751,1
26011,1
1388,0
30953,1
26797,0
31885,1
1654,1
13401,1
22055,0
19755,0
18754,1
19358,1
6,0
23556,1
10362,1
30885,0
8437,0
30781,1
25885,0
8784,0
18858,0
26438,0
17647,1
8157,0
17125,0
2840,1
3714,1
32095,0
4519,0
9782,1
20055,0
5208,0
25412,0
4656,1
28408,0
16986,0
12706,0
7501,1
21847,0
30991,1
23528,1
21024,1
9636,1
23585,1
25971,0
20000,0
11568,0
18976,0
32439,0
12796,1
5964,0
21404,1
4172,1
8024,1
17890,0
7617,0
17528,0
6107,0
20527,0
6034,1
32087,0
18099,1
31839,0
21820,1
26311,0
31587,1
13924,0
25334,0
22125,1
7019,1
18037,1
8924,0
8696,1
12052,0
5953,1
25437,0
7998,1
14365,0
14016,0
21537,1
8824,1
31230,1
19227,0
3387,1
9180,0
14651,1
19576,1
30858,1
6070,0
27428,0
16839,0
4156,0
1203,1
20786,1
30166,0
17923,0
22963,1
29839,1
22891,1
26753,1
4117,0
15179,0
9903,1
10470,0
10689,1
32053,1
17324,1
24266,1
1506,0
22523,0
1717,1
13748,0
25275,1
23710,1
3413,1
18700,1
23293,1
26670,0
5030,1
2806,0
15346,1
30131,1
25827,0
31713,0
16211,1
21980,1
23549,0
18293,1
16752,1
23852,1
19606,1
21821,0
9202,1
25196,1
1400,0
28978,0
12680,0
26273,1
6666,0
18818,1
25132,1
9285,0
4100,0
21422,0
10569,0
6675,1
18476,0
5274,1
337,0
25379,1
16414,0
28932,1
15350,0
31996,0
8305,0
5957,0
26338,0
31847,1
29862,1
22765,1
14221,1
11101,0
3172,0
10645,0
3175,1
7047,0
30674,1
30341,0
28983,0
19999,1
19388,0
19113,0
2578,1
1961,1
24539,1
23258,1
23276,0
21879,1
22442,1
19574,0
27146,0
29186,0
30847,1
10879,1
21908,0
1980,0
17415,1
13006,1
8439,0
4104,0
15433,0
9117,0
32183,0
25494,1
12821,0
28934,1
28062,0
31999,0
4708,0
26700,0
14215,1
19808,1
31332,1
9111,1
2852,0
28098,1
3843,0
18629,1
13151,0
25349,1
25478,0
4447,0
18938,1
3803,0
29529,0
8809,0
16446,0
22510,0
8,1
22240,1
17004,0
17867,0
32056,1
26635,0
23404,1
16785,0
10845,1
23869,0
28007,0
10857,1
6291,0
7206,1
11970,1
31331,0
452,1
19440,0
32067,1
28967,0
20238,0
24012,0
22540,1
5836,0
24103,0
7829,1
23167,0
14244,0
29809,1
3514,0
31823,1
15095,1
2232,0
14993,0
12391,0
4607,0
25305,1
3926,1
12058,1
20450,0
23593,0
17963,0
15403,1
18788,1
29273,0
22872,0
3633,0
6186,0
3483,0
15539,0
27748,0
11182,1
13937,0
101,1
5791,1
1776,0
25406,0
18909,1
1380,0
25120,1
12263,1
24119,1
963,0
17000,0
24850,0
2979,0
27441,1
1508,0
26454,0
22648,0
10683,0
29975,1
28609,1
29573,0
5941,1
30072,1
12673,1
2717,0
9484,0
10124,0
3806,1
1907,0
27782,0
7604,0
28693,0
4215,1
4975,1
9196,1
31774,0
1101,1
22895,1
17808,0
1859,1
513,1
31260,1
23868,0
29030,0
29,0
23289,1
5019,0
29879,1
11734,0
26870,1
22315,1
15397,0
26314,0
8834,1
31703,0
10443,1
32169,0
30267,0
26943,0
23005,0
15256,0
2614,1
7238,0
15586,1
9968,0
14167,1
10887,0
3383,0
31936,1
23787,0
19023,0
7284,1
31041,0
17511,1
6803,0
19774,0
7861,0
30284,0
3108,1
31769,0
6850,0
19763,1
21864,1
20870,1
24409,1
3680,0
31038,1
31440,0
28341,1
21688,0
20949,0
9102,0
23940,1
29944,1
1012,1
12896,0
17634,0
14882,0
16443,1
28957,1
32127,0
5670,1
23347,0
14942,0
16973,1
4329,1
18746,0
25778,0
56,0
27580,0
22835,1
32146,0
23326,1
31645,0
6371,1
19011,0
29987,0
30818,1
10859,1
3507,0
12314,0
4480,0
31134,0
10303,0
27717,0
18928,0
32423,0
11795,1
19208,0
1759,0
13260,1
13435,0
25380,0
24844,1
8964,1
5007,0
16239,0
29738,1
16702,0
27203,1
8001,0
28108,0
30316,1
15242,1
22910,1
2498,1
8053,1
19303,0
15300,0
30854,0
10539,0
20855,1
14298,0
9265,1
16807,0
5023,0
23757,0
25069,1
24371,1
2128,1
4667,0
11685,0
22481,0
9576,0
5769,1
24820,1
4948,1
26985,1
20920,1
21742,0
964,0
4188,0
7647,1
6309,0
13781,1
27196,1
18597,0
2157,1
2308,1
17829,0
30195,1
4285,1
1528,1
7421,1
24586,1
9868,1
29845,0
4322,1
23654,0
20635,0
8314,0
3133,1
28727,1
1175,1
16800,1
13286,0
9019,1
17262,0
16345,0
1053,1
27898,0
14006,0
18843,1
26879,0
24655,0
112,1
5725,1
18094,1
6637,1
1853,0
3308,0
9645,1
28892,1
22501,1
19160,0
4131,1
18944,0
5124,0
26898,0
17482,1
15585,1
28965,0
9931,0
4185,0
22676,1
27347,0
26032,0
28580,0
19013,1
1988,0
11331,1
31368,1
2457,0
21450,0
19110,0
29871,1
24570,0
31803,1
14052,1
15748,1
29934,1
31826,1
24636,1
32142,0
17481,0
26302,0
7851,0
26204,0
29460,0
3625,0
18920,0
24876,1
20215,1
21177,0
8364,1
7012,0
23671,1
28883,1
11562,0
28582,1
13721,0
9132,1
14638,0
979,0
11524,0
28806,0
3949,0
10240,0
29925,0
16104,0
4562,0
1348,1
12626,0
5729,0
20995,0
27956,1
345,0
29164,1
32429,1
9232,1
31805,0
20481,1
6256,0
3882,1
5981,0
1726,1
27373,1
4404,1
17234,1
8357,1
7250,0
2273,0
18039,0
7569,1
14115,1
19800,1
21784,0
12889,0
4078,0
26571,0
7669,1
9547,0
16521,1
18865,0
29735,0
26426,0
18133,1
24779,0
10462,1
7402,1
18598,0
28728,1
9284,0
3776,0
22407,1
20484,1
12846,0
5300,0
26172,1
26145,1
16262,1
14959,0
26664,1
26147,0
7138,1
31311,1
28765,0
28943,1
14559,0
10243,0
25442,0
19147,1
21138,1
14951,1
4931,1
14341,1
5134,0
21490,1
31379,1
4223,0
15288,0
13753,0
403,0
30588,1
3568,1
11248,0
8548,1
6182,1
12351,1
55,1
25246,1
11015,0
24687,0
26234,0
17475,1
30607,1
12917,0
21397,0
7077,1
947,1
29655,1
31402,0
12296,1
23913,0
2621,0
20184,1
28422,0
12835,1
6728,0
24235,1
19435,1
22307,0
12369,0
29110,0
6725,1
8457,0
21578,1
28538,1
18730,1
19384,0
9456,0
7716,1
21025,0
26579,1
10375,0
12830,0
11973,0
7792,0
20555,0
11035,0
9748,1
10534,0
25261,0
30243,0
4617,0
14513,1
28253,0
17167,0
14350,0
10954,0
2891,0
12676,1
9602,1
30715,1
8738,1
19211,0
21888,1
7995,0
22549,1
31731,0
7193,0
11651,0
12858,0
10125,0
28052,1
29318,0
12247,1
1671,0
30551,1
6544,1
30490,0
25411,1
28142,1
12966,1
4135,0
27187,0
19066,1
23216,1
18076,1
8069,0
26971,1
19979,1
3893,0
9104,0
20344,1
27090,0
27020,1
6829,0
19195,1
21273,1
10606,1
13072,0
29127,1
32501,0
17789,1
25888,1
22468,0
30822,1
17857,0
4711,0
3331,0
1330,0
17984,1
27925,1
646,0
3816,0
21491,0
15766,0
25459,0
25616,0
12996,0
21871,1
1049,1
9229,1
29270,1
20083,0
29218,1
26919,1
5328,0
18954,0
12914,1
1925,1
22598,1
11898,0
22720,1
2731,1
16137,0
16946,0
17694,1
27348,1
5855,1
7693,1
25521,0
25932,1
21750,0
16613,1
17690,0
13664,1
23072,1
11610,1
3398,1
17254,1
4632,1
10345,0
18604,1
28304,1
14970,0
25175,1
1136,1
29449,1
4568,0
5873,1
5222,1
26254,0
9999,1
14340,1
10880,0
13159,0
1915,1
17380,1
4973,1
2447,0
27055,0
6308,1
3844,0
29838,0
28537,0
6130,0
2131,0
697,1
30053,0
3871,0
1754,1
26373,0
23339,1
4192,0
8789,1
3966,1
30707,0
4669,1
27391,0
5649,1
31982,1
19456,0
22628,1
4434,0
2689,0
1641,1
2446,0
10578,0
11202,1
9805,0
443,1
30636,1
7776,0
24004,0
21530,0
26668,0
5330,0
7257,0
27755,1
27922,1
3155,1
15437,0
11837,1
6414,1
28458,0
26658,1
10176,1
12732,0
8855,1
28706,0
32307,0
11958,1
29369,0
22575,1
28813,1
6002,1
28210,0
12742,1
9034,0
13508,0
29718,0
8758,1
13973,1
30161,1
23381,0
2389,0
30362,1
2778,0
25286,0
237,1
30372,1
17219,1
881,1
5626,1
7197,1
8365,1
17914,1
11925,1
26183,1
14756,1
12001,1
32296,0
22705,1
24149,1
23531,0
25607,1
22382,0
29815,0
27510,1
29489,1
24789,0
12552,1
30910,1
10282,0
24532,1
24418,0
21969,0
25242,0
28771,1
27855,1
30557,1
26218,1
3377,0
28063,0
30899,1
21944,1
6293,1
2844,1
19497,1
6238,0
21599,1
21662,0
18624,1
26181,0
9344,1
12308,0
27576,1
13229,0
10420,0
32122,0
7447,0
8361,1
6168,1
5643,0
24702,0
9668,0
20658,0
16404,0
9626,1
29991,1
7692,1
3892,1
14878,1
15414,1
26793,1
30755,0
26563,0
15536,0
15660,1
14235,1
27186,0
21173,0
16357,0
26260,0
14027,0
2138,0
31393,0
28715,0
21645,0
2012,0
9593,0
15901,1
22511,1
28843,0
31466,0
13311,0
11068,1
7376,0
30714,1
25071,0
9238,1
13446,1
26409,1
9771,1
27326,0
25917,1
29937,1
20421,0
14008,0
9720,1
1637,0
10830,0
26548,0
7203,1
11125,1
16944,0
21844,1
5106,1
6687,1
17370,1
12390,1
15965,1
19365,0
14872,0
3524,0
5085,0
17967,1
27568,1
27029,0
15083,1
22752,1
8351,0
23396,1
1869,1
29371,1
24885,1
9071,0
28012,0
12801,0
19841,1
27045,0
19223,0
29147,1
27095,1
22435,1
16220,0
21783,0
3821,0
23030,1
22374,1
32298,0
21952,0
19820,1
9513,1
2725,1
18022,0
27454,1
4189,0
26945,0
10488,0
27744,0
1807,0
7359,0
27683,0
31215,0
1382,0
16477,0
5148,1
31118,0
6575,0
25463,0
11550,0
22498,1
10011,0
30780,1
30598,0
16479,0
22545,0
7495,1
113,0
5177,1
15555,1
21310,1
17183,0
25944,0
2395,0
8922,0
19780,1
27292,0
11754,1
31341,0
12045,1
14351,1
26669,0
6085,0
23169,0
29524,0
30276,1
16489,0
13414,1
1992,1
24654,1
13269,1
5171,1
16718,0
24178,0
1269,0
21029,1
16295,1
28487,0
23779,0
8023,1
29824,0
23236,0
11261,0
14811,1
21892,0
8882,0
11681,1
30090,1
1621,1
2817,1
1598,0
6748,0
313,1
26495,0
20695,1
20918,0
11298,1
10775,0
25540,0
31398,1
12812,0
15709,0
21875,1
6554,1
21434,0
31380,0
17320,1
27204,1
22304,1
9464,0
28534,1
28353,1
11626,0
26882,1
14581,1
937,1
27453,1
5444,0
15420,0
12494,0
12540,0
17231,1
29642,1
19116,0
5658,1
2607,1
6561,1
24457,1
22521,1
15630,1
3898,0
27889,1
2609,0
6835,0
575,1
29341,1
32482,1
31648,1
10118,1
29331,1
7969,0
22060,0
28294,1
27882,0
18886,1
11772,0
26989,0
15478,0
8664,1
7807,0
6140,0
9137,0
30920,0
21451,0
21325,0
7214,0
19828,0
3771,0
2564,0
4614,0
17097,0
24521,1
17353,1
28926,1
29688,0
16779,1
30297,1
7443,0
4297,1
22792,0
26528,1
1074,0
19213,0
14566,0
4932,0
29232,1
25949,0
26459,1
25359,0
24375,0
9742,0
12526,1
19750,0
12022,1
24086,1
4349,1
18050,0
21067,0
11535,1
16458,0
16102,0
19847,1
10442,1
16297,1
30906,1
9677,0
22496,0
8750,0
13347,1
31384,1
17091,0
11414,0
5526,0
22376,1
30227,1
31415,0
13791,0
26893,0
2919,1
24301,1
10200,1
10403,1
10839,1
2479,0
12353,1
5564,1
2721,1
25907,0
10660,0
21956,0
23622,0
18644,0
27585,1
12387,0
12407,0
18345,1
27123,1
24650,1
11516,0
57,0
24608,0
3149,0
16422,1
19970,0
12030,0
23863,1
26881,0
4655,0
29566,1
8009,0
22034,1
9939,0
6787,0
18764,1
12182,1
23302,1
4424,0
4902,1
32002,1
23877,0
32079,1
17197,0
27312,1
3150,0
8584,0
15428,0
807,1
24013,1
19548,1
26396,0
2775,1
25051,0
8342,0
23706,1
20554,1
24317,0
12510,0
12642,0
5143,0
32199,1
27705,1
8956,0
15908,0
12346,0
28726,1
1220,1
23984,1
5097,1
28857,1
13777,1
22018,1
12358,0
25193,0
24393,0
26547,0
8082,1
5395,1
2481,1
15571,1
28656,1
30009,0
23715,0
27489,0
8579,1
7714,1
5338,0
16103,1
29267,0
8104,0
30225,1
5098,1
7213,1
6211,1
27250,0
13933,0
23353,1
15531,0
26545,0
29317,0
28650,1
2508,1
14463,0
4546,1
11927,1
4922,1
28989,1
26929,1
291,0
29461,0
2051,1
9863,1
24321,0
8243,0
22108,1
2173,0
387,1
16219,1
402,1
10452,1
13886,1
11226,0
21074,0
494,0
10457,0
23803,0
17357,1
28064,1
28292,1
18146,1
26709,1
26074,0
17894,1
27465,0
19425,1
19994,0
25614,1
17032,0
3257,0
1149,1
30393,1
21630,1
19748,0
1151,0
14204,0
3674,1
24883,0
11677,0
14641,0
7099,0
27376,0
16487,0
4592,1
25044,0
10499,1
26949,0
18212,1
23615,0
17693,1
16753,1
3442,1
7057,0
9176,1
22271,0
5272,1
14394,0
21141,1
27015,1
4232,1
1757,0
30396,0
25093,1
11523,0
31765,0
12085,0
9749,1
19701,0
3460,1
20598,1
24872,0
2704,0
15702,1
7672,1
7964,1
9242,1
14198,0
23858,0
20825,1
28686,1
28913,0
7683,0
8339,0
5880,1
24541,1
9950,0
2669,1
24367,0
11233,0
17104,0
4740,1
19686,1
2917,1
32518,0
9785,0
10336,1
29244,1
14391,1
2986,1
27420,1
18442,0
7465,1
23523,0
30159,0
26696,0
888,0
1135,1
10408,0
15864,1
32484,0
21574,0
31194,1
24529,0
26790,0
6737,0
24811,1
17161,0
16167,0
21419,1
20133,1
7182,1
26538,0
21463,1
19366,0
17818,0
31228,1
10116,1
17928,0
10208,1
1167,0
3088,0
7406,0
14728,1
32100,1
19422,0
3904,0
5746,1
31182,1
14134,0
10768,1
629,1
10384,0
4604,0
25605,1
14323,1
9915,0
15862,0
32023,1
4115,1
2100,1
5376,0
21596,0
15469,1
7401,1
24984,0
27370,0
23086,1
25325,0
28396,0
8651,1
17401,0
16432,1
20038,1
25875,0
17350,0
1198,0
6638,0
4946,1
21600,0
22141,1
18993,1
26,0
12661,1
31279,1
28719,1
5154,0
17115,1
7045,1
26233,1
14444,0
4218,0
4042,1
7352,0
12546,0
25499,0
29250,0
31152,0
6569,0
32289,0
28729,1
13258,0
16403,1
27442,0
17394,0
10701,0
23855,0
4704,1
11083,0
3855,0
19758,0
3999,0
21106,0
21124,0
16473,0
18904,1
531,0
20418,0
31149,1
433,1
20023,0
22580,0
22213,1
4266,1
28122,1
30417,1
21137,1
7632,0
6537,0
26619,0
5192,1
6007,0
15098,1
18019,0
7627,1
24878,0
31376,1
24968,1
3359,1
25392,0
21610,1
11776,1
6043,1
13012,0
24430,0
20175,0
13104,1
13731,0
5481,0
12791,0
18717,0
12707,1
11279,0
18559,0
6916,0
27927,0
6565,0
28982,1
3538,1
6963,0
3055,0
25751,1
28300,1
13688,0
11552,1
17487,0
24634,0
29953,0
3517,1
30083,1
28557,0
11846,1
22503,1
14199,1
31189,0
14589,1
11662,0
16872,0
2167,1
9195,1
30238,1
18352,0
26691,0
3663,1
17663,0
8253,1
4927,1
19940,0
17492,0
3212,1
24946,1
18008,1
10359,1
24589,0
8249,1
19598,1
17821,0
3092,0
27108,0
14708,0
21638,1
20711,0
21978,0
8858,0
30589,1
30486,0
3643,0
24651,1
10913,0
11160,0
24573,0
5062,0
17833,1
27632,0
5766,0
13797,0
31427,1
12147,0
5174,1
24664,1
2966,0
2781,1
16277,1
16601,1
13455,1
22406,1
9087,0
24135,0
15407,0
1495,1
19730,0
4581,0
1284,1
26029,0
29320,1
28738,0
4485,0
12721,1
31316,1
12652,0
25098,0
24623,1
25060,0
24765,1
3390,1
15232,0
24264,1
7391,1
28120,0
15273,1
22000,0
26921,1
10664,1
14186,0
8794,1
11820,1
29847,0
3021,1
11759,0
7409,0
2018,1
27906,1
8189,0
302,1
9847,0
15639,0
10655,1
9815,0
19091,0
4875,1
25749,1
29118,1
12545,0
20871,0
10521,1
4668,0
7639,1
31895,0
8549,0
8569,0
6376,1
29933,1
16133,1
23800,1
28084,0
1684,0
11316,0
23678,0
18450,1
520,1
18835,0
27161,0
10754,1
13623,0
28807,0
21790,0
8602,1
12161,1
25007,1
8578,0
20485,1
24695,0
5249,1
14902,0
23685,0
21282,1
23194,1
26063,0
13649,1
24366,1
26902,0
24270,1
19941,1
26837,0
24582,1
1359,0
15647,0
27620,1
47,0
4611,0
19493,1
1072,1
1587,0
31670,0
25617,1
7091,1
5339,0
21614,0
15597,0
2357,1
3166,1
10146,0
30269,1
25774,1
8095,1
26873,1
31225,0
27527,0
2362,1
4694,1
21863,1
31088,1
5492,1
16253,1
12219,0
9063,0
10942,1
11076,1
25213,0
21080,1
20507,0
32489,1
279,1
18482,1
7098,1
20465,1
3553,0
20880,1
24800,1
11150,1
15817,0
28599,0
4461,0
24361,1
6439,0
21483,0
31353,1
7886,0
27236,0
22513,0
28702,0
18386,1
27228,1
3862,1
25977,0
28786,1
13116,1
28159,1
4670,1
30550,1
7043,0
3161,0
29375,0
9340,0
3405,0
5495,1
17206,0
21391,1
16346,1
12895,1
24983,0
12960,1
26690,1
10650,0
21388,1
13078,0
8953,1
6571,1
6533,1
7449,0
14163,1
30249,0
17533,1
9796,1
10792,0
3162,0
2580,1
23210,0
1060,0
25910,1
17485,1
29234,1
19660,0
997,1
3247,1
1705,0
28147,1
257,0
12570,0
3603,0
32149,0
22431,0
4137,1
7655,1
22047,0
1146,0
25024,1
12003,0
15835,0
19097,0
28824,0
18451,1
2557,0
16794,0
18025,0
6263,0
9271,1
12899,1
32044,1
20859,0
4613,0
6872,0
22410,1
8281,1
21448,0
25321,1
14744,0
12679,0
4109,0
25038,0
6210,1
19361,1
20777,1
26436,0
14407,1
23566,0
23099,0
23157,1
32508,1
1090,1
16056,1
22969,1
16240,1
19626,1
20250,0
891,0
26903,1
2405,0
7674,1
27794,1
1953,0
31944,1
7341,1
28260,0
10910,1
27550,1
9012,1
23227,0
25931,1
16735,0
17439,1
2866,0
12875,1
27060,1
22444,1
28679,1
6695,1
5414,0
7797,0
561,1
19398,0
27343,0
24554,1
20546,1
18838,1
26128,0
26064,1
1797,0
13034,1
10505,1
15580,1
31137,1
14643,1
613,0
26749,0
18794,0
4258,1
12258,1
20928,1
21649,0
10644,1
18297,1
14389,1
11174,1
23219,0
25126,1
25440,0
2538,1
9579,1
14476,0
8211,1
21246,1
22719,0
21427,0
14771,0
6260,0
20929,0
3909,1
30475,1
29278,0
11077,1
5500,0
22812,1
18109,0
26300,1
6257,0
17910,0
19189,1
9814,1
22294,0
16629,1
19734,1
31862,1
5926,0
16847,0
10557,0
12974,1
3679,0
22153,0
13091,0
23797,0
12766,1
7612,0
14474,0
20012,0
2221,0
11302,0
28481,0
22029,1
28685,1
2184,1
8552,1
32438,1
780,0
3543,1
1936,0
31792,0
14681,1
18687,1
24439,1
12645,0
22177,1
32480,1
24181,1
29388,1
6984,1
24173,1
23875,1
16355,0
10962,1
1429,1
24054,0
11283,0
19635,1
13876,1
22779,0
11257,1
19479,0
14348,1
25868,0
20685,1
30108,1
22681,1
25839,0
19634,1
12775,1
24139,1
12168,0
10042,0
12007,0
26566,0
26947,1
31458,0
28920,1
30866,1
20006,0
5666,1
21860,0
29782,1
5199,1
6888,1
17912,0
30739,0
5151,0
22229,0
9177,1
3577,1
12531,0
7285,1
717,0
30436,0
8459,0
4514,0
19053,1
16783,1
8126,0
11728,0
18577,0
21658,1
1133,0
13877,0
16216,0
873,1
21642,0
7201,1
29335,1
15930,0
16602,1
26576,1
4490,0
1247,0
10043,0
12310,1
9307,1
18009,1
26190,1
30668,0
19270,0
11905,1
11094,0
5667,1
2512,1
22837,0
31780,1
27034,0
5934,1
12442,1
1296,0
4827,1
17174,1
30324,0
6650,1
22829,0
20482,1
11432,1
9865,1
24658,1
18251,1
17916,0
16019,1
3153,1
7689,0
8799,1
29292,1
25947,1
26080,1
45,1
20267,1
30287,0
19676,0
7056,1
1842,0
9361,1
10953,0
11431,1
14539,0
8780,0
11738,0
12042,0
10907,1
20379,0
29615,1
17994,1
12885,1
1901,0
12495,0
11952,0
3061,0
24944,1
4857,0
10400,0
16657,1
15804,0
13196,1
11718,0
11491,1
10531,1
7781,0
19052,0
27554,0
3018,0
28691,0
25504,0
5194,1
8186,0
18287,0
18381,0
30094,1
15339,1
24584,1
2056,1
7830,1
1111,1
24282,1
11981,1
14507,0
22134,1
25898,1
16184,1
7254,0
14451,0
15528,0
29858,0
24431,0
20054,0
28090,1
27665,0
19020,1
31880,0
19022,1
22268,1
12675,1
6532,0
6534,0
13263,0
30327,1
24945,0
26965,1
7538,0
32082,0
32075,1
16995,1
3797,0
15498,0
24859,1
3918,0
29504,1
427,0
19378,1
6546,1
1709,1
11405,1
19419,0
20620,1
14197,1
20722,1
11287,1
19288,0
22617,0
17670,0
29950,1
4895,0
31598,1
22031,0
16744,0
10390,1
11811,1
24865,0
21183,0
15768,1
6052,0
19680,0
22453,1
14271,0
20535,0
2306,0
25159,1
11697,1
4940,1
13857,1
12717,1
9105,0
9099,1
31588,0
30398,0
27875,1
17631,1
20944,0
17135,0
13102,1
15151,0
25480,0
8764,0
26605,0
24918,1
23904,1
496,0
12326,0
1736,0
15112,0
7846,1
30266,0
4589,0
6832,1
23371,0
12392,0
19833,1
28189,0
22660,1
25095,1
21964,1
6398,0
2319,1
28191,1
7422,0
18095,0
24305,1
5545,1
29419,1
13473,1
19633,0
28740,1
8248,0
11081,0
21722,1
25581,0
26053,1
19338,1
26937,0
16903,1
6680,0
29572,1
29753,1
15962,1
1579,0
3626,0
23014,1
26022,1
8183,0
20402,0
662,0
14460,0
4024,1
29653,1
2812,0
13768,0
5923,1
21953,0
26725,0
5167,1
10740,0
1864,1
3931,0
25867,0
27612,0
25354,1
3788,1
597,1
20810,1
29844,1
15807,1
20315,0
7713,0
23769,1
30139,0
5185,0
9185,0
7691,0
11829,0
16348,0
3416,0
11702,1
32173,0
5235,0
5905,0
27692,1
10593,0
31391,0
24385,1
10718,1
28760,0
27481,0
24843,1
13126,0
4038,0
9089,1
20095,0
10605,0
30679,1
5076,0
12185,0
32269,1
26226,1
25722,0
26241,1
28023,0
9000,0
14212,1
22131,0
5335,1
22033,0
14543,0
30935,1
5645,0
19655,0
22152,1
8818,0
19993,0
26826,1
15464,1
13970,1
32496,0
27038,0
5349,1
27273,1
1524,0
24133,1
15734,0
11278,0
1774,1
28338,0
30414,0
5089,0
16682,0
15634,0
29808,1
31090,0
16757,1
31772,1
119,0
14833,1
12556,1
24673,0
2906,0
15747,0
9313,0
916,0
8804,1
10819,1
31708,1
3814,0
15102,1
21676,0
9239,1
25723,1
20395,0
31900,0
29813,0
17157,0
1153,0
24610,1
14428,1
5977,1
30738,1
16130,0
30579,0
31028,1
6808,0
5700,1
19,1
10800,0
13529,1
26015,1
14438,0
11657,0
1906,0
3644,0
31064,0
154,1
14592,1
29877,0
23256,0
18882,0
5498,0
24660,0
29499,0
24482,1
9799,0
32040,1
5556,0
16582,1
22396,0
20285,0
24308,1
29432,0
28704,1
19238,1
5341,0
19439,0
19614,1
23263,1
14562,0
23022,0
1876,1
16067,0
12579,0
19798,1
23389,1
5375,1
19159,0
20456,1
15831,0
14924,1
32395,1
20534,1
15677,0
16110,1
30841,0
6028,1
22348,1
2618,1
8498,1
28872,0
9085,0
19056,0
26227,1
1822,0
12735,1
16380,0
1079,1
19720,1
12324,0
12738,0
18343,1
6621,0
21733,1
21757,1
20814,1
30754,0
3886,1
30869,0
839,0
11090,1
31304,0
14362,1
4636,1
5808,0
18863,0
19930,0
27392,0
31630,1
10969,0
17950,1
2260,0
12083,0
5485,1
10257,0
524,1
3601,0
26789,1
5749,0
4596,0
15220,0
13271,0
29077,0
1830,0
4069,0
10110,0
5049,0
24809,0
30555,0
3564,0
19151,0
5358,0
13058,0
11737,1
21197,1
17143,0
13772,1
24184,1
30102,1
18518,0
7400,0
3685,0
30487,0
14005,1
6053,0
16924,1
8644,1
26633,1
11447,1
29555,1
27583,1
1202,0
12580,1
4780,1
24691,0
20576,0
24241,1
22370,1
2304,1
12019,0
6801,1
27206,0
19954,0
22840,0
4139,0
1620,1
125,1
19716,1
13334,0
7739,1
11584,1
9181,1
28141,0
25314,0
30380,1
28401,1
27249,0
26615,1
26721,0
3270,0
19787,0
20154,1
23198,0
6756,1
16983,1
15893,0
8198,0
825,1
22290,0
4011,0
30561,0
24786,0
17193,1
24315,1
2237,1
17387,0
8877,1
23111,1
21686,0
8269,0
23889,1
1413,1
24045,1
29310,0
25781,1
22916,1
4475,1
22986,0
22941,0
15259,0
12601,1
30052,0
31532,0
20845,1
2196,1
20045,0
13115,1
29271,1
6647,1
2765,0
28226,1
23720,1
27579,1
27995,0
16246,1
22161,0
10460,0
14832,0
29433,1
4710,0
10707,0
22747,1
8250,1
28986,1
4783,0
7277,0
14067,1
25692,1
5968,1
21320,0
14508,1
6289,1
31531,0
17272,1
19596,0
23020,1
4173,0
8462,0
13635,0
15088,0
4847,1
24910,1
23745,1
29878,1
19524,0
27396,1
15590,0
18467,0
1373,0
31186,0
20804,0
23241,1
28825,0
28047,1
12135,1
17897,0
15155,1
31964,1
5356,1
14671,1
3224,1
4779,0
29662,1
20513,1
12456,1
27863,0
32324,1
11133,0
1975,1
3,0
32275,0
15327,0
13922,0
22746,1
26827,0
15547,1
9050,0
23424,1
6246,0
8759,1
29701,1
14385,1
29307,1
21712,1
3430,1
27071,0
29972,0
4438,1
20733,0
26583,1
27346,1
17848,1
16077,0
11171,0
27501,1
13949,1
23932,0
27144,1
14103,0
23201,0
29910,0
29945,0
32294,0
22884,0
1258,1
24015,0
29942,0
11152,1
21056,1
20902,1
24599,1
579,0
12786,1
2936,0
20343,0
19363,0
23626,1
16371,0
28550,0
23206,0
19074,0
8038,1
3721,1
17726,1
8514,0
26248,0
9465,1
25211,1
2529,1
26357,0
25755,1
11359,1
22335,0
24318,0
25464,0
25695,0
13047,0
6564,0
46,0
8168,0
12350,1
24588,1
30513,0
5236,1
25846,0
11106,0
12461,0
1905,1
21706,0
4858,1
15576,0
31410,0
739,1
10480,1
30001,0
13900,1
1969,1
14301,0
13035,1
29312,0
7940,0
19075,1
19355,1
32102,1
15159,1
14731,1
19072,0
15904,0
4537,1
31397,0
15851,1
14792,0
21417,1
20674,1
4268,0
31570,0
30385,0
8689,1
13291,0
510,0
32066,0
23968,1
817,1
28172,0
27931,1
18288,0
16467,0
3407,1
3857,0
4212,0
9451,1
20708,0
15070,0
32398,0
12295,1
11406,1
26078,0
23607,0
28406,0
16842,1
1298,0
13127,1
27836,0
22014,1
29052,0
15351,0
14147,1
30680,1
21830,0
18956,0
19197,0
1669,1
10955,1
15113,1
14019,0
25686,0
28157,1
7842,0
25456,1
32344,0
5657,0
8386,0
23832,0
2031,1
26268,1
10266,1
10986,1
16343,0
10811,1
13346,1
19302,0
329,0
26733,0
5783,0
1071,1
20543,1
17931,1
31978,1
22976,1
21782,0
25265,1
5473,0
31804,1
15410,0
17224,0
26380,0
30077,0
7759,0
2112,1
25874,1
3045,0
2714,0
16530,0
709,0
6372,0
19674,0
10361,0
30189,0
24698,1
11816,0
2570,1
4845,0
10864,0
22682,1
25461,1
31784,0
10929,0
3677,1
7207,0
17165,1
29754,0
18057,1
32238,0
5938,1
32001,1
21911,0
28509,1
22281,1
8404,0
26869,1
5737,0
31586,1
22371,1
29928,1
11607,1
22905,0
16264,0
31401,0
2448,0
4696,0
23245,1
15314,1
13316,0
7564,0
31099,0
2242,1
28276,1
11708,1
6871,0
28880,1
15429,1
3023,0
7041,1
3948,0
22862,0
11416,1
18492,0
29166,1
26809,1
25260,1
14679,1
7353,1
4234,0
17232,0
27276,0
28151,0
26423,1
28425,0
15963,0
28617,0
27423,1
30669,1
13612,0
7974,1
2416,0
23956,0
7143,0
3245,1
20,1
13958,1
7622,1
26085,1
25365,0
14259,0
30999,0
620,0
11623,0
7281,0
31881,1
13174,0
30723,0
16755,0
20071,0
31496,0
29363,1
3494,1
29135,0
5523,0
29237,0
27538,0
9526,1
11463,1
17656,0
22259,0
4933,0
1322,1
24176,1
6116,0
14761,0
19714,0
489,1
16161,1
26280,0
12208,1
6798,0
27795,0
13690,1
23634,1
7900,1
11849,1
7520,0
12127,0
9588,0
9360,0
25975,1
9516,0
15822,0
23896,0
4143,1
23414,1
2105,0
9338,0
27896,0
11889,0
20052,0
7467,0
29171,1
27133,1
1156,1
18253,0
31595,0
2698,0
8769,0
21097,0
30635,0
27152,1
24602,0
18120,0
28671,1
18349,0
5682,0
27088,1
26573,0
21595,1
29414,1
2933,1
16623,0
2754,0
30877,0
24828,0
8438,0
7712,1
11841,0
8419,0
29661,0
27968,0
15743,1
8661,0
22086,0
5978,1
3692,1
15364,1
30476,0
29574,0
17981,0
7004,1
30473,0
755,0
20683,0
27515,1
16985,1
31079,0
31726,1
20297,0
3369,0
8064,0
133,0
21576,1
5598,1
25979,1
2069,0
21416,0
19142,0
30351,1
31058,1
4553,0
12105,1
26795,0
18580,1
8814,1
22620,0
24991,1
1534,0
22751,0
19285,1
3512,0
27105,1
12170,1
18728,0
3632,0
19410,1
30252,1
22775,0
15992,1
9061,1
2509,1
14354,0
25050,1
2663,1
19556,0
12169,1
10677,0
26113,1
5371,0
24344,0
27295,0
4730,0
6145,1
10064,0
19502,0
2638,1
11119,0
26708,1
9834,1
17152,0
19272,1
22494,0
9825,1
2928,0
20978,1
21393,0
3013,1
3181,0
20765,0
8754,0
17159,0
12878,1
27143,1
24257,1
21589,1
4351,1
19925,0
24365,1
3520,0
705,1
27393,0
31049,1
13783,1
30082,1
15988,0
167,0
16796,0
1014,0
14099,1
11873,1
28867,1
26741,0
21753,0
18862,1
14650,1
7264,1
13585,1
20586,0
13959,0
24795,1
7266,1
5116,0
24592,0
27601,0
18036,1
10568,0
1760,1
5026,1
18939,1
26953,0
9693,0
15340,0
27093,1
15236,1
30727,1
3957,0
11773,1
11208,1
12502,1
24231,0
17329,1
28687,1
18785,0
29376,1
9733,1
14469,1
20919,1
27320,0
6497,1
24312,1
16336,1
5811,1
26661,0
15926,1
2048,1
706,0
14057,0
32468,0
21603,1
4804,0
18533,1
32345,0
1882,1
11499,0
25045,0
18540,0
17241,1
31453,1
20008,0
19032,1
27496,0
11008,0
14043,1
27234,0
26108,1
12561,1
32244,1
30129,0
7594,0
10383,0
4182,1
27648,0
14813,1
7555,1
10873,0
21294,0
8145,0
2323,0
3567,0
30332,0
20152,0
27560,1
19429,1
19024,0
18304,1
11960,1
22928,1
13870,0
29257,0
31837,0
1277,1
10812,1
30289,0
15811,1
17368,0
31223,1
31459,1
24440,0
11715,0
460,0
1765,1
30051,1
23050,0
13199,1
24923,0
29334,0
8188,0
8576,0
9951,1
8748,0
12040,1
1469,1
6259,0
3695,0
23494,1
17137,0
15934,1
29922,0
22590,0
24585,1
27646,1
26171,0
15756,1
15501,1
28683,1
6767,1
9874,1
23838,1
5006,1
30701,1
26049,1
2871,1
31968,1
304,0
26604,0
11917,1
105,1
9768,0
32086,1
9326,1
8191,1
10046,0
21200,1
11465,1
16152,0
208,1
3929,1
32326,0
24412,1
15628,0
27635,0
24835,1
31723,1
15725,1
26550,1
23826,1
9359,0
26752,1
29894,0
11953,1
19736,1
27100,0
27869,1
5676,0
15454,1
11835,1
13403,0
7892,0
8597,0
8353,0
16922,0
10137,1
8908,1
13338,1
14695,0
31355,0
2068,1
16006,1
8137,1
8719,1
14808,0
6731,0
25514,0
21274,1
3395,1
27101,1
22570,0
6859,0
565,0
30520,0
7444,0
19263,1
14572,0
16908,1
31096,0
11593,1
10681,0
25533,1
7977,1
27605,1
23879,1
29181,0
5505,1
12564,1
9166,1
21215,1
3039,1
17805,1
26231,1
17544,1
30455,1
30085,1
4375,0
13160,0
5924,0
25842,1
31213,1
24974,1
2198,1
4056,1
23829,1
32494,1
4363,0
23529,0
14630,0
3742,0
1995,0
20976,0
8181,0
4842,0
886,0
25123,0
29040,1
11195,0
25555,0
30546,0
8783,0
1580,1
31431,1
22251,0
8612,1
14190,0
4047,0
16260,0
292,0
14690,1
24105,1
26863,1
29898,1
20752,1
21766,0
22912,0
23004,0
11063,1
23598,1
24863,0
4518,1
18284,0
5740,0
20628,0
23952,1
14669,0
4718,0
3020,1
1066,1
1265,0
17085,1
15009,0
15376,1
9897,1
2785,0
8557,0
21890,1
31537,1
7709,0
28906,1
22170,0
29154,0
10341,1
4299,0
16691,1
14914,1
23920,0
14653,1
2860,1
25570,0
26312,0
28784,1
24612,0
22616,1
27268,1
30302,0
3128,0
29723,1
12638,0
27336,0
2081,1
31836,0
6413,1
9251,1
12616,1
221,0
4846,0
8840,0
1918,0
14285,0
10227,1
3052,1
13161,1
30293,0
22346,0
6150,0
5100,1
29537,1
19645,0
2321,1
18617,0
408,1
20381,1
25553,0
20881,1
24163,0
19666,0
5655,1
16861,0
31158,1
19034,0
18951,1
13390,1
21272,1
16508,0
18699,0
13397,0
8266,1
19291,0
8274,0
14483,0
883,1
28194,0
5267,1
23804,0
20081,0
12191,0
30474,0
9913,1
12355,0
16259,0
28870,1
31108,1
25954,0
12646,1
26848,1
11441,0
6006,1
26537,1
4833,1
16261,0
530,0
27749,0
32434,1
23735,0
25811,0
19219,0
14243,0
4203,1
32004,1
26997,1
5087,1
22073,1
6035,0
6896,0
4832,1
12440,0
11269,1
13676,0
21452,0
20368,1
25731,0
6673,1
17538,0
20131,1
13564,0
18316,1
3968,0
6304,0
22272,1
27985,1
1274,0
1338,0
1658,0
2581,0
17740,1
7949,0
1642,1
17962,1
15313,0
12720,0
4145,1
8115,1
21772,0
31554,1
29380,1
29264,1
28452,1
2223,0
28526,1
16625,1
11480,1
25165,1
24250,0
28033,1
2010,0
28528,0
2301,0
23641,0
20807,1
5988,0
8989,0
13374,0
26139,1
5748,1
118,0
5569,0
15017,0
5478,1
30725,0
27704,0
11272,1
15069,1
17864,1
27588,1
3828,0
178,0
6407,0
12788,0
30275,0
309,1
11635,1
23508,1
30936,0
9941,0
28846,1
22309,0
18810,0
1504,0
6853,0
9936,1
30306,0
16300,1
422,1
12687,0
13586,0
17503,1
28776,0
18402,1
3122,1
16963,0
12644,0
32432,0
10034,0
23209,1
19522,1
2433,1
14856,1
31892,1
19178,1
23146,0
995,1
8870,1
6772,0
15800,1
27099,1
19996,1
8045,1
17545,0
1716,0
17321,0
12733,1
3594,1
27218,1
30827,0
11167,1
5624,0
30989,1
1665,0
28336,1
14636,0
6904,1
9797,0
27422,1
22330,0
26288,0
7301,0
14399,0
17047,1
31227,0
5502,0
10516,0
21693,0
7457,0
7048,0
30748,1
11788,0
16913,1
14664,0
3787,0
1417,1
20884,1
19243,1
29794,0
5345,1
15898,1
27117,0
30648,1
3099,0
24784,0
5401,0
784,1
24562,0
25495,0
23189,0
12190,1
14921,0
6746,0
27799,1
23910,1
6086,0
17199,1
16464,1
26854,1
11505,0
5258,0
14542,0
335,0
20241,0
10529,0
24010,1
13989,0
24466,1
17252,1
21998,1
8207,1
15210,0
19457,1
390,1
3629,0
23479,0
22298,0
12602,1
8613,0
10726,1
22091,0
24428,0
20475,1
18814,0
16917,1
7593,0
25580,1
7799,1
924,0
11097,1
25487,0
19523,0
31813,0
21380,1
2495,1
20774,0
6729,0
14978,0
30528,1
25883,0
9446,1
17855,1
9141,0
4133,1
16287,0
7574,0
5579,1
587,0
29913,1
6574,1
15291,0
18366,1
617,0
30728,1
17491,1
27984,1
10697,1
6141,1
26138,0
20926,0
6877,1
18044,0
19782,1
7833,1
31389,1
19376,0
9770,0
2620,1
7989,1
15254,0
13986,1
16667,1
8238,0
28215,1
25603,1
5842,0
7200,1
16249,0
21591,1
2294,0
27714,0
2909,1
12868,1
4935,0
7528,0
6292,0
29400,1
6868,1
21503,1
9568,0
27602,1
28638,0
25710,1
343,0
4758,1
14699,0
17397,1
11379,0
23755,0
30697,0
14710,1
868,1
1922,1
29230,1
24501,0
23978,0
17259,0
10698,0
22799,0
15921,0
26446,0
17869,0
20618,0
9140,1
6653,1
5268,0
25651,0
31843,0
6330,1
23355,1
28453,1
9165,0
4399,0
8730,0
4930,0
7288,1
24545,1
28126,1
7541,1
18589,1
25507,0
28863,0
15166,1
24427,1
31990,0
8242,0
27938,0
3749,1
19978,0
27330,1
26874,1
17929,1
20629,1
11194,0
21386,0
15837,0
31074,1
17729,1
31266,1
17020,0
15119,1
18762,0
8123,1
4707,0
20633,1
12360,0
13956,1
13225,0
12769,0
2876,0
9649,1
18334,1
6041,0
23069,0
24455,1
31987,0
22122,0
14575,0
32000,0
3492,0
32021,0
11455,0
22109,0
23656,1
9321,1
15777,1
24833,0
9956,1
1422,0
25240,1
2965,1
20406,0
954,0
22718,1
1657,0
28429,1
2170,0
15601,0
18640,1
25054,1
20827,1
31910,0
31811,0
6206,1
2918,0
6572,1
10233,0
31509,1
24731,1
24182,0
27179,0
24304,1
24398,0
18248,0
32069,1
27439,1
28086,1
30232,0
29314,0
12823,1
17402,1
22554,1
28371,1
7801,0
29570,1
14822,1
32318,1
5182,1
24089,1
9214,1
18355,0
24821,0
9937,0
19955,1
9743,0
21127,0
18600,0
11991,0
355,1
26448,1
19946,0
24079,0
13614,0
11796,1
11512,0
28488,1
3140,1
12708,1
27171,1
14659,0
8728,0
21993,1
13617,0
23407,1
4385,0
24519,1
24324,1
25081,0
25961,0
23992,1
2109,1
26959,0
14841,0
17012,1
32372,0
15559,1
18085,0
11138,0
18233,1
17794,1
20367,1
28736,1
14037,1
15658,1
1500,1
15013,1
20053,0
31204,1
10624,1
8810,0
9410,0
18139,1
1610,0
29505,1
30178,0
25590,0
2211,0
25399,1
9024,1
13246,0
22576,1
17970,0
24729,1
20756,0
32198,1
11683,1
29191,0
21986,1
20796,0
21937,1
20675,1
3920,0
11826,0
23269,0
10900,0
6483,1
18006,1
5864,0
10322,1
24188,1
24858,0
18091,0
8195,0
31711,1
24293,0
22841,0
1986,1
16516,0
8358,1
10496,1
2636,0
25957,1
30259,0
6461,0
4473,1
19360,1
21085,0
9610,1
16188,0
7030,0
30835,0
24067,0
6015,1
26107,1
14010,1
13810,0
1244,0
28803,0
18493,0
25703,1
3760,1
22302,0
24485,0
11536,1
22599,0
20493,0
1084,0
19641,1
659,1
25550,0
29720,1
10205,1
9349,1
23431,1
26724,0
16791,1
13899,0
11464,1
904,0
6227,0
6839,0
28661,1
12054,1
32277,0
27564,0
5488,1
5789,1
20575,0
25618,1
20190,1
29013,0
52,1
9824,1
6860,1
6524,0
16764,0
1443,0
21007,1
23298,1
13716,0
11175,1
8592,1
29968,1
5929,1
1182,0
20901,1
22897,1
4181,0
17715,0
24563,0
17147,1
26913,1
21205,1
1689,1
20037,1
23776,0
11022,1
22322,1
18021,1
25272,1
15826,1
13861,0
11407,1
17619,1
20802,1
11986,1
29721,0
27478,1
23555,1
6184,1
30958,1
24494,0
17602,1
27740,1
25194,1
27379,0
10826,1
391,0
11221,1
180,1
30211,0
7497,1
23444,1
27988,0
28511,1
31971,0
9994,0
26174,1
25046,1
30057,1
28131,0
29098,0
28065,1
9413,1
29526,1
23570,1
12714,0
24330,0
16651,1
4904,1
23944,0
23323,0
32280,0
17863,0
11679,0
6961,0
23131,0
7570,1
31872,1
18916,0
28684,1
22541,0
30779,0
10980,1
12507,0
27460,0
19935,1
22727,0
27543,0
17991,0
21396,0
1407,1
15561,1
31544,0
16955,1
7027,1
32189,0
31828,0
10990,0
17082,0
10966,0
3102,0
31602,0
8175,1
10906,1
4035,1
4950,1
26003,0
28848,1
31840,0
26597,1
2651,0
21657,1
16241,0
5837,1
32306,0
11100,1
19467,1
18802,0
11098,0
24747,0
13774,1
27230,1
5273,1
470,1
13611,1
17739,0
30288,0
22277,1
2827,0
29850,1
15065,1
27800,0
13860,0
24726,1
28779,1
6917,0
28156,1
15834,0
8615,1
5512,1
2181,1
6593,1
31640,0
712,0
26411,0
29606,1
5530,1
9060,1
16806,0
6215,1
13069,1
29623,1
9375,1
10167,0
28144,1
18992,1
25476,1
16331,1
7273,1
30088,0
16279,1
18923,1
25353,0
29703,1
30344,1
9629,1
28387,0
10916,1
11558,1
3794,0
24186,1
31358,1
5821,0
2396,1
8148,1
27573,0
23953,1
6462,0
18667,1
29981,0
16604,0
31548,0
996,0
18012,0
9450,1
26310,1
12965,0
66,0
12737,1
29760,0
29777,0
8925,1
971,0
14091,1
19905,0
14023,0
3895,1
809,0
671,0
409,0
14509,0
18971,1
16600,0
11018,1
13946,1
14381,0
7018,0
24403,0
23853,0
12923,0
13670,1
28997,1
10687,0
5877,0
15447,1
23462,0
30518,1
21936,0
15421,0
2485,0
1021,1
32467,0
28735,0
14024,0
28428,1
3382,1
10790,1
15755,0
6926,0
24120,0
1064,1
5629,0
16784,1
5031,0
29527,1
25770,1
15954,0
7945,0
20251,0
9029,1
30304,1
31102,0
5609,1
10675,0
23989,0
5820,1
9849,1
20857,0
22564,0
22512,1
28441,1
5817,0
5825,0
28959,1
2899,0
14248,1
5254,0
20758,0
31569,1
6985,0
13180,1
19102,0
31077,0
5942,1
6329,1
28461,0
10234,1
27591,0
12377,1
26349,1
11089,1
12080,0
22250,0
19389,0
7856,0
1115,1
1387,1
2800,1
14709,1
12523,0
14920,1
20761,0
3246,0
26996,0
10242,0
16510,1
15665,0
25598,1
6584,0
28594,1
4579,0
16826,1
8583,0
23338,0
23105,0
26266,0
23393,0
16567,0
29588,1
26777,1
4590,0
27252,0
14603,0
29019,1
143,1
28549,0
27758,0
19929,1
29111,1
20851,1
23784,0
2948,1
17164,0
22385,1
1108,1
7902,0
31561,0
16772,1
19986,1
13759,0
8259,0
26726,0
13901,0
25987,1
29252,1
17108,1
21795,1
23483,1
21594,1
24997,1
7073,0
1069,0
372,1
20082,1
7378,1
14647,1
28597,1
31785,1
27307,1
11419,0
3605,0
28270,1
30350,0
28068,1
15377,0
4905,1
32112,1
23019,0
29607,0
246,1
8346,1
7583,0
15081,1
15938,1
20519,0
10915,0
2505,1
22640,1
9546,0
26399,0
15753,0
21323,1
7132,1
24628,1
17688,0
5032,1
32301,0
22336,0
27126,1
548,0
11730,0
17025,0
10319,0
21529,1
13389,1
9201,1
12587,1
6873,0
29868,1
29993,1
21988,1
16773,0
10080,0
29712,1
11574,1
27243,0
4366,1
485,0
9887,1
22404,1
723,1
8133,0
3639,1
7306,0
21768,1
20101,0
15631,0
6641,0
1432,1
15274,0
19640,0
5445,0
9303,1
16939,1
24125,1
12371,0
1978,1
29155,1
841,0
4897,1
16163,0
1718,1
19155,0
32264,1
27463,1
3064,1
6603,0
31305,1
17939,0
23290,1
9127,1
30122,1
24144,0
6986,1
13217,1
3337,1
29575,0
23955,1
22828,0
30228,1
12630,0
12056,1
6463,1
6948,0
30236,0
24478,1
10185,1
27405,0
13942,1
23137,0
6394,0
18392,0
6133,1
31511,1
29159,0
28493,1
11875,0
22797,1
13887,1
15099,1
20016,1
32110,1
12275,1
13228,1
5744,0
28070,1
9984,0
25671,0
25750,1
19868,0
28668,1
10648,0
12482,1
25747,1
19470,1
27513,0
1958,0
22714,0
10265,1
11777,1
27529,0
10608,0
26166,1
300,1
29228,1
15941,0
24920,0
5073,0
22945,0
23577,1
16886,0
7307,1
10685,0
12677,0
16334,0
7817,0
17751,1
21058,1
9589,0
269,1
2554,0
19485,1
10673,0
19357,0
25656,0
29641,0
5870,0
10977,1
20853,1
32158,1
2670,1
421,0
11071,1
5292,0
19729,0
24525,0
3436,0
14635,1
5229,1
17312,0
3463,0
8875,0
22472,1
17562,0
19698,1
854,1
28890,1
23962,1
31725,1
1487,0
22980,1
6783,1
9119,0
19922,1
2127,0
11268,0
2896,1
10053,0
27361,1
31329,0
6878,1
30645,0
19251,0
8479,0
12977,0
4598,0
9746,0
4365,1
3489,1
12941,1
13322,0
1283,0
11832,1
12802,0
11198,1
3267,1
22462,0
18341,0
7676,1
16868,1
2569,1
25822,0
11765,0
22142,0
22239,1
21117,0
12262,1
7141,1
29282,1
26926,1
3860,1
8831,1
10407,0
6828,0
5370,0
30745,1
23476,1
14582,0
15917,1
19534,1
32465,0
13992,1
28899,1
20973,0
12139,1
23674,1
31599,0
23328,1
18466,1
18148,1
13852,0
8340,0
7209,0
28924,1
15032,1
4963,0
18531,1
13324,1
16940,1
31841,0
22535,0
9634,0
578,0
28464,0
6489,0
18380,1
10863,1
21026,0
23367,1
11188,1
18930,0
3518,1
24953,1
25847,1
30404,0
29846,1
24034,1
22673,0
11634,1
21180,1
10520,0
13985,0
4112,1
21831,0
17443,0
2941,1
31787,1
28391,0
19107,1
2973,1
22242,1
10810,1
8338,1
8223,1
2878,0
8131,0
16688,1
5427,1
29227,1
30611,1
27970,0
2886,1
1668,0
29167,1
25955,0
23285,0
15244,1
28703,0
16932,1
27199,1
9981,0
12211,1
15739,1
10059,1
27891,1
4654,1
11912,1
16384,1
30888,1
29751,1
27457,0
3822,0
20985,0
8495,1
26650,0
20298,1
17754,1
19608,1
32417,1
14571,0
29517,0
14405,1
25301,1
26578,0
3105,1
16107,1
15267,0
5324,0
18953,1
16454,1
29069,0
13703,0
5672,1
20242,1
16738,0
30981,1
20433,1
4951,1
11045,0
23401,1
1043,1
3034,0
24516,0
4161,0
31542,1
23575,1
32207,1
30153,1
21543,1
16978,0
4727,1
7472,0
1191,1
18594,1
25290,0
20096,1
19087,0
6064,1
29209,1
26557,0
23898,1
10035,0
3154,1
24898,0
27639,0
29890,0
25010,0
20751,0
29762,1
22738,0
21115,1
14715,0
7551,1
22909,1
24870,0
2809,0
18130,0
17537,1
28324,1
3612,1
19652,0
12188,1
554,1
19408,1
7628,0
6869,0
1434,0
9800,0
11743,1
24019,1
20210,0
14224,1
3274,1
3592,0
28046,1
31722,1
31234,1
20265,0
32237,1
9905,1
14548,0
14395,1
5162,1
11910,0
121,0
682,1
24405,0
12298,0
12800,1
11155,0
6027,0
1192,0
23077,0
250,1
19683,0
12010,0
12536,1
2316,0
8860,1
29379,0
14175,1
10493,1
2887,0
9330,0
13317,0
123,1
7784,1
72,1
26292,0
11646,0
19131,1
26786,1
20233,1
8706,0
4836,1
5583,0
4236,0
10530,1
2949,0
12736,0
32123,0
31333,1
12078,0
3071,1
12575,0
5061,1
16398,1
28988,1
12283,0
17053,0
19273,1
21318,1
10458,1
20732,0
3256,1
29732,0
9683,1
32472,0
25357,1
27574,0
31434,1
1857,0
9710,1
13320,0
22488,1
16041,0
12810,1
23520,1
29769,1
6870,0
28136,1
27637,0
23999,1
28711,1
19406,0
30961,0
24776,0
29787,0
16595,1
32165,0
3595,1
17044,1
18989,1
16891,1
19157,1
580,1
22955,1
14333,0
26306,1
21506,1
19353,0
1367,0
13442,0
5169,0
9045,0
15736,0
3798,0
18363,0
13789,1
2352,1
29065,0
6135,1
18364,0
1786,1
23704,0
23539,1
23967,1
14640,0
19768,1
1809,0
24211,0
28595,0
10629,0
25410,1
28252,1
32038,0
10,1
20302,1
1713,1
24775,1
17838,1
29303,0
1963,1
32092,1
18490,1
27804,1
14985,1
25087,0
492,0
3845,1
12874,1
18808,1
7208,0
25073,1
2385,1
17474,0
5549,0
10716,1
3093,1
19819,0
2470,1
12979,0
29696,1
3715,0
31721,1
8723,1
26214,1
8005,0
9047,0
20955,1
26240,0
6341,0
8172,1
22075,1
3082,0
10180,0
26891,0
32211,1
9059,0
7835,1
23748,1
28850,1
11935,0
10695,0
16136,0
8867,1
32094,1
27001,0
5059,0
23623,0
2777,0
29187,0
30483,1
2901,1
17998,1
22413,1
7912,1
5759,0
15587,0
18340,0
7020,0
30056,1
12201,1
3684,0
22059,1
29836,1
11504,0
29990,1
10344,1
24465,0
24635,0
18877,0
11918,0
23001,1
19989,1
23402,1
22490,1
11235,1
9224,1
16656,1
17722,1
22853,1
31650,0
7697,1
11559,1
9894,0
6559,1
12593,1
5250,0
21365,1
29742,1
31413,1
26135,1
19356,0
18874,1
23754,1
22890,1
14294,1
27616,1
8103,1
16498,0
2264,0
13265,1
14080,0
21948,1
18347,0
12204,1
32425,1
14764,0
26112,1
31275,0
6180,0
14233,1
27565,1
21846,0
24306,1
23152,0
8590,0
11,1
20138,1
30500,1
28767,0
32479,0
6381,1
12344,1
10870,0
32259,0
30167,1
29092,1
8580,0
15488,1
19391,0
18244,1
17168,0
8066,1
17783,1
17056,1
17989,0
40,0
32440,1
24215,1
29955,1
3199,1
26092,0
31513,0
12515,1
5456,1
4096,1
7966,1
3691,0
19108,0
29055,0
11825,1
23758,0
16088,1
4164,1
20226,0
22694,0
16491,0
7675,0
8102,1
21088,1
7556,1
26239,0
13547,0
24495,1
18836,0
13515,0
1070,0
29977,0
20360,0
30962,0
18844,1
30960,1
31042,0
4602,0
13108,0
21907,0
22723,1
12484,1
8411,1
29788,0
11656,1
30863,1
28497,0
13145,0
18116,1
29041,1
28941,0
29304,0
15504,0
26952,0
22529,1
25441,1
14286,0
10889,0
7335,1
9163,1
28561,0
18046,1
7636,1
9341,0
1593,1
10854,0
4507,0
3216,1
1126,1
7370,0
28759,1
28334,0
19770,0
14788,1
17358,0
27030,1
22651,0
15720,1
26472,0
28695,0
12504,1
18277,1
31435,1
8527,1
32342,1
23168,1
26057,1
22356,0
8582,1
30942,1
12129,1
16694,1
2956,1
5538,0
28651,0
544,0
14303,0
30919,1
14496,0
20043,1
17616,1
26425,1
4407,1
22914,0
23150,0
28124,0
14817,1
9129,1
19115,0
22140,1
4885,0
1511,1
5593,1
22211,1
11597,1
12144,1
23937,1
11518,1
5347,1
1616,1
13294,1
15556,1
14140,1
15540,1
1080,0
9357,0
23640,0
9231,0
7188,0
9670,1
11957,1
25223,0
17983,0
17649,1
30101,0
5661,1
17600,1
3076,0
5423,1
13518,1
20292,0
14112,1
9171,0
15444,1
23459,1
16410,1
4491,1
19936,1
27657,0
31043,1
918,0
18144,1
5200,1
26892,1
24928,1
18565,1
14663,1
6632,0
32327,0
16815,0
8256,1
20004,0
4850,1
1442,1
7271,0
29919,0
31624,1
22666,0
4943,1
5080,0
28026,0
18986,0
12825,0
8325,1
17470,0
20690,1
4731,0
24256,1
7069,1
28861,1
7054,0
31952,0
23228,0
12489,1
24048,1
21493,1
32155,0
27,1
14988,1
32393,0
30399,1
1219,1
14450,0
5739,0
29036,1
27224,0
1201,1
16850,1
11590,1
6989,1
30322,1
26351,1
8668,0
12731,0
26932,1
26340,0
25525,1
29528,1
27838,1
26660,1
16608,0
18407,1
19114,0
16011,1
24685,0
11848,1
27269,0
17687,1
9804,0
18952,1
7828,1
26739,1
16179,0
10725,0
8987,1
5618,1
1945,1
7129,1
10039,1
27495,0
2134,0
5696,0
13182,1
30264,0
19959,1
28836,0
18963,0
2443,0
31055,1
24017,0
5218,1
19292,0
8304,0
21175,0
20869,0
27389,1
6473,1
17665,1
28443,0
19541,1
18461,1
27629,1
27788,1
10550,0
30563,0
28785,0
2520,1
28815,0
5692,1
11631,0
5600,1
24890,0
20403,0
17501,1
12082,1
14050,0
21105,0
21972,0
13343,1
70,0
5710,1
6940,1
17996,0
11466,1
27414,0
6429,0
22778,1
10582,0
21961,0
23095,1
423,0
26845,0
19542,0
8072,1
8395,1
26033,0
11327,1
10796,1
12327,0
32335,1
1440,0
13571,0
14835,0
6898,1
10627,0
13699,0
30290,0
11370,1
15470,0
12240,0
25057,1
13227,0
6761,1
26154,1
22288,1
13523,1
7970,0
31521,0
9854,1
12521,1
19170,0
15458,0
17270,1
1800,0
26973,0
5243,0
28319,1
19557,0
19916,1
18302,1
30928,1
3048,0
10115,1
23064,0
26976,1
2124,0
1533,1
10076,1
17878,1
29386,1
11665,0
30352,1
14925,0
1949,1
23636,1
3248,0
12583,0
29044,0
27763,1
20248,1
13472,0
15132,0
22405,0
14261,1
18234,1
11263,1
367,0
23251,1
5738,0
28654,0
5325,1
31205,1
20604,1
5584,0
10526,1
31421,0
25368,1
13639,1
276,1
12909,0
16663,1
192,0
5014,0
9592,0
6701,1
19427,1
7959,0
21805,1
18245,1
19891,1
8980,1
13955,1
7463,1
11467,1
31659,1
17419,1
27916,0
6714,1
17903,0
18551,0
23192,0
31089,1
9573,0
23151,0
15788,0
7256,1
28782,1
20811,1
3089,1
22937,0
30984,1
9798,1
328,0
28484,0
17736,1
5165,1
13013,0
6397,0
19518,0
20501,1
18768,1
4584,1
13936,1
32377,1
31905,0
2665,1
17540,0
25400,0
31314,0
9839,1
6689,0
633,1
4072,0
11237,1
2037,0
25182,0
16959,1
17386,1
25282,0
28471,1
7661,0
4555,1
1339,0
23181,1
3461,0
11817,0
28721,1
16551,1
10479,1
6475,0
22703,1
13513,0
22325,1
111,1
30397,0
23488,0
28961,0
19786,0
3107,1
9385,0
15602,1
32160,1
16215,0
9069,0
13931,0
10142,1
30402,0
2415,1
19060,1
6008,1
19704,0
8672,1
24853,0
23443,0
4411,1
31842,0
7458,1
11023,1
24263,0
621,0
14573,0
5483,0
29943,0
17483,0
2695,1
28094,1
30646,1
3159,1
23670,1
27781,0
27452,0
19245,1
10615,1
14282,0
28467,0
28734,0
10909,1
23225,0
28546,0
2370,0
16114,0
6261,0
18396,1
13352,1
30805,0
16190,0
850,1
19651,1
9919,0
5288,1
27663,1
16819,0
3831,1
31403,1
2969,0
13749,1
29268,1
11757,1
8062,1
2976,0
23395,0
29690,0
31087,0
25136,1
8350,0
4471,1
6781,0
1739,0
8027,1
2089,1
21196,1
16401,1
24379,1
20089,1
9921,1
2514,1
17639,1
14273,0
13052,1
26590,0
23264,1
3049,1
9429,0
31981,1
32431,1
23550,0
19818,0
31829,1
32215,1
31176,1
26005,1
3515,1
10210,0
17120,0
18073,1
15461,1
10961,1
29291,0
10914,0
31609,0
28944,0
30831,0
17759,1
5344,0
4330,1
11720,0
25011,0
20128,1
26501,0
25021,0
29464,0
3829,1
3513,1
28054,0
11185,0
19896,0
26517,1
13539,0
30529,0
5472,0
437,0
31106,1
21975,0
32530,1
9020,1
24414,0
4746,1
228,0
9187,1
9120,0
14992,1
31177,0
5343,0
18067,1
23711,1
22235,0
18593,0
29744,0
7221,0
18308,1
22318,1
11029,0
30582,0
9590,0
16145,1
15863,1
26833,0
12594,0
22885,0
16214,1
22525,0
8800,0
22708,1
14861,1
20449,0
30294,1
16853,0
10765,1
8532,0
5074,1
967,0
371,0
18377,0
28588,1
3493,1
5490,0
21704,1
7527,1
16304,1
16616,1
21035,1
11971,1
13999,1
18208,1
6704,0
30932,1
5173,1
1548,1
27772,1
11972,1
19161,0
2302,0
24757,0
4612,1
17146,1
24581,0
2574,1
29747,0
21517,0
10160,0
9392,0
15215,0
25844,1
16082,0
1512,1
3196,0
5072,1
1007,1
5209,1
2861,0
25467,1
19527,0
603,0
20636,1
28059,1
21876,0
23767,1
29173,0
2280,0
10264,1
6604,1
26258,0
25520,0
9437,0
17771,1
22802,1
6607,1
14991,0
21119,1
16198,1
12000,1
10739,0
16327,0
21446,1
15776,0
21540,1
25135,1
30896,1
21473,0
23919,1
20410,0
8575,1
27953,1
21410,0
9823,1
545,0
7972,1
9918,1
3812,1
15405,1
19838,0
10456,1
7774,0
28415,1
27432,0
16111,1
27752,1
26403,0
27618,1
20426,1
20718,0
4293,0
4870,1
10781,0
25816,1
3610,0
20431,0
7009,0
6079,0
20153,1
23657,1
8686,1
10647,0
26337,0
1821,0
26655,0
28118,0
14443,0
21679,0
28181,0
5909,0
6785,1
24810,0
28991,1
21806,0
18811,0
24116,1
2356,0
28793,1
23805,0
20720,0
15130,0
6983,1
14524,1
24767,0
25694,1
20729,0
14404,0
4753,1
8273,0
8666,1
15612,1
1595,1
20528,1
5196,1
8946,0
2640,0
31044,0
14429,0
30119,0
13702,0
5521,1
25078,0
7365,1
8000,1
18803,1
25636,1
19354,1
7088,1
28283,1
28100,0
30939,1
5536,1
12689,1
4054,0
22625,1
9846,0
11120,0
16900,1
21886,0
16895,0
13179,0
27107,1
14720,1
10025,1
15670,0
24791,0
26137,0
18475,1
281,1
19326,1
1454,1
28757,1
10364,1
4942,1
12916,1
23110,0
19050,0
9466,1
8150,1
4628,0
23013,1
14752,1
28697,0
4308,0
10093,0
1643,1
10049,0
8968,0
25255,0
12175,1
13197,1
19036,0
28862,0
28809,0
19567,1
21734,0
15648,1
7649,0
16270,0
5071,1
24642,0
30631,0
28355,0
21880,1
172,1
26980,0
23259,1
1482,1
15712,1
24127,1
25582,0
7557,1
28592,0
30603,0
25207,1
18474,1
10363,1
27197,1
32235,1
10884,1
5429,1
6270,0
950,1
13548,0
25938,0
25683,1
4368,1
3167,1
2617,0
16870,0
26008,0
24842,0
16181,0
27032,1
11126,0
16075,1
23375,0
19943,0
12457,1
20274,1
15651,0
13356,0
1444,1
24674,1
31665,0
4036,0
11653,1
6663,1
4040,0
8179,0
7585,0
21519,1
32392,1
2386,1
20019,1
20601,1
26262,0
30000,1
18709,1
4812,1
32288,1
16105,0
24029,1
26105,1
9011,1
27417,1
15572,0
11805,1
13003,0
27474,0
4502,1
2664,1
16171,1
6122,1
24575,1
32006,1
18657,1
13060,1
30146,0
20770,0
26993,1
16496,1
18418,0
18055,1
30804,0
1611,1
20191,1
23610,0
15882,0
25154,0
23663,1
30574,0
23376,1
637,1
31399,0
17535,0
28306,0
6347,1
25462,0
5571,0
22857,0
31931,1
2676,0
800,0
3801,0
5285,1
26002,0
28790,0
14458,0
623,0
3370,0
21646,1
4872,1
15935,0
26990,1
13709,1
556,0
15321,0
3983,1
19625,0
17615,1
7305,0
19707,1
31666,1
28666,0
17552,0
18160,1
3077,1
30134,0
22996,1
25976,1
15511,1
1627,1
893,1
31252,1
16515,0
16723,1
17046,1
29785,1
23351,1
14185,0
18346,0
31556,1
31295,0
28105,0
32290,0
24966,0
31447,1
26335,1
18452,1
30868,1
14075,0
2282,1
16802,1
28309,0
29759,1
643,1
31483,1
17750,1
10963,0
18083,0
25234,1
27335,0
10899,0
28161,0
14545,1
8323,1
5484,0
11710,0
15124,0
6844,0
18527,0
7548,1
2103,1
9776,0
28307,1
16412,1
19184,1
25872,1
23138,1
26220,1
18180,0
20744,0
5309,1
20466,0
18732,0
3465,0
23580,0
17169,0
8471,0
27266,0
27901,0
7785,0
27427,0
19480,0
20192,1
5313,0
19451,0
17839,1
11092,0
4559,1
27205,0
8950,1
26808,1
17448,0
1919,0
20346,1
1770,0
7084,0
20461,0
25791,0
19005,1
28593,0
28909,1
13380,1
2178,1
6147,1
28800,1
30799,1
10159,1
27011,1
25468,0
2026,1
24340,0
21996,1
26031,1
15537,1
1349,0
31908,0
17258,1
25251,0
14127,0
11547,0
26629,1
25273,1
22893,0
29220,1
21546,1
30762,1
7453,0
15503,0
15942,1
8663,1
13835,1
3252,1
23519,0
3889,1
14018,0
21669,1
14107,0
30501,1
30087,0
18424,1
28277,0
878,1
15856,0
21126,1
24394,1
12688,0
20132,0
10875,0
28435,1
1613,1
3063,0
10287,1
17861,1
10630,1
27961,1
10139,0
31856,1
32091,1
12571,1
14790,1
10215,1
3204,1
27796,1
23631,0
10440,0
12967,0
3627,0
14875,0
15761,1
4119,0
2351,1
26872,1
481,0
20834,1
32346,0
15193,1
3470,0
18035,1
21317,0
438,0
11078,0
30464,1
21644,0
21103,0
13022,1
21150,1
24049,1
3648,0
30624,1
29413,1
25837,1
30539,1
28717,0
23221,1
22441,1
24901,0
22555,1
19064,0
12989,0
29390,1
14825,1
1331,0
21567,1
30600,1
11877,0
10762,0
18489,0
22474,0
9503,1
3485,1
5994,0
1729,0
25145,1
5198,1
31699,0
8526,0
16867,0
14697,1
17178,0
4657,1
25824,0
339,0
14584,0
27109,0
18502,0
14327,0
19407,1
2088,1
31736,0
26897,0
18136,1
21500,0
31084,1
6922,1
5895,0
29597,1
31889,1
24003,1
28491,0
27555,0
4309,0
6918,0
26290,0
15399,0
15760,0
23867,0
2734,1
11914,1
2291,0
13205,1
19992,1
7104,0
14379,1
2635,0
23691,1
28436,1
27398,0
20483,0
18456,1
7320,0
31500,0
9389,1
22692,0
816,0
22023,1
872,1
18869,1
11256,0
30068,0
2259,0
5366,1
14009,0
15251,1
10579,1
31488,1
29408,0
26662,0
19450,1
14277,1
14618,0
10138,0
6201,0
29502,1
16047,1
22968,0
2576,1
32138,1
11589,0
15573,1
11223,1
5970,0
10598,0
15615,1
4441,1
8076,0
956,1
28893,0
11000,1
5541,1
14911,1
9987,0
8971,1
16244,0
17773,0
24333,1
8720,1
28826,0
2783,1
31912,0
14642,0
5278,0
19613,0
23329,1
23501,0
23068,0
30803,1
31652,1
10764,1
8909,0
27497,0
22838,1
18884,1
29763,1
4278,0
23604,1
26161,0
23420,0
21577,1
19695,0
19268,0
18693,1
21411,1
29672,0
23693,1
21855,1
13350,0
30926,1
22571,1
10844,0
15697,0
3874,0
3134,1
32379,1
26524,1
999,1
3017,1
606,1
31945,1
10849,0
10946,0
3740,1
592,1
22563,1
15100,0
30633,0
27587,0
2228,1
7010,1
21329,0
16087,1
529,0
26277,0
2393,0
21376,0
8489,0
17034,0
29010,1
21606,0
9703,0
6455,1
24940,0
31760,0
13129,0
29805,1
13411,1
25346,0
24496,1
462,0
10930,0
15549,1
16228,1
938,0
30405,1
26447,0
6997,0
15841,1
3879,1
14274,1
28216,1
14998,0
31291,0
32219,0
13745,1
24214,1
22238,0
26871,0
17875,0
12894,1
4225,0
8337,1
17943,0
30870,0
15198,1
14040,1
27806,0
10706,1
29985,1
20460,0
2900,1
11322,1
15933,0
16207,0
32399,0
21579,1
14871,1
26782,1
31232,1
26320,1
15384,1
18645,1
30035,0
22881,0
9121,1
14239,0
32191,1
23739,0
6576,0
6021,0
19764,0
31743,0
9268,0
20511,0
14972,1
28795,1
16586,0
97,1
22527,0
26453,1
27586,1
22116,1
25691,0
31524,0
13379,1
23452,1
13634,1
24764,0
25539,1
31169,0
9194,1
31251,0
2029,0
8610,0
21549,0
24638,0
14332,1
19333,0
12322,1
29957,0
21616,0
26418,0
6646,1
3353,1
10057,1
26813,0
29645,0
24104,0
8879,0
8070,0
1224,1
9606,0
12463,1
9364,0
2213,1
11472,0
14521,1
20622,0
10537,1
18351,0
22130,1
11122,0
9536,0
31873,1
14268,1
26208,0
861,0
3399,0
5558,1
27475,0
19284,0
20647,0
8700,0
27036,0
22295,0
17200,1
28241,0
16570,1
21214,1
6952,1
9207,1
11281,1
11760,1
30296,0
1280,0
25966,1
9653,0
15892,0
12446,1
2371,0
18766,0
17871,0
21498,0
31155,0
6933,1
28268,1
26253,1
6845,0
6635,1
5025,1
17605,1
750,1
21832,0
1414,0
31167,1
13894,1
6245,0
23806,0
5620,0
31820,1
1324,1
8429,0
27830,0
5479,0
2968,1
13419,0
20080,1
31432,1
9311,0
18314,1
2945,0
649,1
6040,1
16864,1
18541,0
31611,1
26637,1
13859,1
17343,0
30664,0
28184,1
11453,1
25421,1
2846,0
2716,1
6664,0
16996,1
13809,0
11978,0
32226,1
22189,0
8488,1
30366,0
11408,0
28698,1
10062,1
21499,1
5164,1
14094,0
5920,0
22702,0
15264,0
10973,0
11532,0
8046,1
20033,1
21348,1
10814,0
28492,1
21006,1
12956,0
24228,0
20867,1
24938,0
4443,1
9021,1
6179,1
24508,1
9591,0
25595,1
28950,1
24595,1
30947,1
13029,1
14606,0
3197,0
25013,0
22605,1
26963,1
4877,0
25407,1
13705,1
3131,0
4060,1
23709,0
1459,1
18918,1
25893,1
3290,1
5433,0
14480,0
19088,0
5220,1
12318,1
28725,0
27973,0
16038,0
2377,1
21822,1
6234,1
13450,1
4392,0
25408,1
11542,1
12306,0
27449,0
15735,1
12203,1
31066,0
18945,0
7455,0
10350,0
11197,1
12805,1
28531,1
6923,1
15833,1
6863,0
26865,1
30299,1
11391,1
9795,1
16159,1
5083,0
19903,0
12025,0
25022,1
30331,1
8124,0
20648,0
27986,0
18243,1
451,1
21236,1
27195,1
7696,1
2004,0
27874,0
10573,1
6297,1
10563,1
23651,0
1687,1
29001,0
8180,1
11682,0
15219,1
4703,0
8406,0
8047,0
18620,0
3875,0
651,0
23911,1
12517,0
11042,0
29342,1
29097,1
10209,1
20640,1
22195,0
1286,1
30810,1
20936,0
28119,1
22637,0
30851,1
24690,0
4626,0
1368,1
28984,1
382,0
23811,0
1931,0
648,0
4250,0
9764,0
12337,0
22380,1
24165,1
8162,0
18701,0
31857,0
15233,1
9312,0
1282,1
18706,1
20594,1
3536,1
21641,1
31778,0
24948,0
254,0
13038,1
2814,0
9112,0
26410,1
21241,1
10147,1
23983,1
23037,1
27443,0
10847,0
15880,0
20284,0
19028,1
24678,0
23240,1
11079,1
10996,1
12756,0
28904,1
11104,1
17567,0
13144,0
26191,1
8822,1
23303,1
9763,1
15163,0
14553,1
6205,0
21092,0
13665,0
20003,0
24489,1
32271,0
19094,0
30354,1
21189,1
27948,0
28681,1
523,1
8951,0
14574,1
8801,0
18881,1
9766,1
4580,0
20649,0
22903,0
15025,0
10487,0
15126,1
2556,1
8694,1
13798,1
20160,1
5158,1
29986,0
21852,0
31501,1
26618,0
30305,0
6172,0
13406,0
12907,0
19065,0
4997,0
18387,1
17486,1
18816,1
20581,0
5724,0
14467,0
3329,0
27277,1
435,1
12313,1
16948,0
14187,1
19214,0
5242,0
17430,0
22408,0
16492,0
30484,0
8296,0
5129,0
17405,0
11387,0
10455,1
22094,0
24739,0
3793,0
788,0
7139,0
28254,1
17347,0
23278,0
19700,1
25862,0
9942,1
20504,1
11880,1
25371,0
7101,1
30105,0
790,1
8200,0
6992,1
32433,1
6470,0
21857,1
10532,1
22206,0
10435,1
24848,0
18134,1
25577,0
31810,0
15182,1
31762,0
31879,0
32201,0
28214,0
9170,1
27709,0
267,1
14205,1
3022,1
2348,1
8880,0
9821,1
23223,0
18061,1
5000,0
10591,1
20477,1
4238,1
19830,0
27741,1
8049,1
6267,0
27467,1
26185,0
10245,1
9064,1
30106,1
23380,0
5841,0
3547,0
428,1
13134,0
30498,1
18851,1
20025,0
3439,0
24874,0
28405,0
23553,1
7825,0
18853,0
12872,1
29377,1
30595,0
2250,0
28624,0
21730,0
8466,1
12994,1
445,0
20600,1
20820,1
1391,1
19564,0
2930,0
29150,1
29394,1
10540,1
25446,0
29818,1
24712,1
5303,0
29222,1
20529,0
9880,0
23862,1
1451,0
7469,0
22264,1
26073,1
29501,1
23943,1
2312,1
15145,0
14624,1
20232,1
9068,1
27558,0
7442,0
22361,1
29591,0
15888,0
4761,1
27834,0
3414,0
9657,1
23451,0
31603,0
1590,0
5697,0
14684,0
20276,1
32487,0
11229,0
18712,0
13853,1
27907,0
20208,0
11975,1
215,1
1856,0
22531,1
30136,0
25534,0
21763,0
10334,0
29756,0
13098,0
18805,1
6169,0
13111,1
26083,0
27921,0
16030,0
22988,0
29734,1
14213,0
24300,1
6194,1
22970,1
19203,0
20299,0
9428,0
14133,1
2874,1
19372,0
13296,1
13120,1
16203,0
22987,1
7505,0
31222,1
3317,1
10371,0
11580,0
939,1
16696,1
7283,1
13560,0
30747,1
23548,1
31482,0
26624,0
12590,0
5876,0
16146,1
25089,1
25625,1
6623,1
25700,1
27805,0
13223,1
19477,1
15223,1
13728,1
15222,0
23563,1
25516,0
24730,0
11134,0
21479,1
31631,1
19532,0
16125,0
23449,1
11577,0
3046,0
7685,0
22139,0
15803,1
11442,0
8541,0
260,0
19436,1
28575,1
9864,1
6954,0
25764,0
9728,1
7220,1
5135,1
22157,1
3254,1
21078,0
25626,1
5915,1
11779,0
30031,1
32270,0
20362,0
25156,0
16174,1
18800,1
16591,1
31764,1
4405,1
15928,0
10805,1
15494,0
22642,0
6506,0
6864,0
6208,0
19616,0
4116,0
9082,1
6218,1
5054,0
25588,0
20163,0
3477,1
8523,1
3435,1
29514,1
9191,1
7259,1
24892,1
17018,1
11482,1
24061,0
14999,1
19411,0
7124,0
6498,1
14863,0
31777,1
13998,1
24450,1
11736,0
574,0
25612,1
10360,0
9837,0
15284,1
15382,1
27026,0
20743,0
23912,0
31538,0
20397,0
4587,0
19823,0
761,1
6185,0
4478,1
21762,0
65,0
6222,1
17795,0
15253,1
19580,0
13960,1
5976,0
8820,0
89,1
9925,0
20889,0
12431,1
7195,0
14945,1
31858,0
30566,0
4882,0
13764,1
19149,0
3115,0
22381,0
14645,1
9948,0
1994,1
32222,1
16456,1
20506,0
10225,0
2423,0
9057,1
28247,0
24233,0
3385,0
1051,1
31126,1
28917,1
2671,0
25419,1
27842,1
15047,0
31446,1
12538,0
26368,0
29647,1
26461,1
3848,1
27315,1
18032,1
24023,1
29340,0
21585,0
17140,0
32029,1
11200,1
6477,0
11013,0
16342,0
17607,1
18770,1
16283,0
25786,0
8559,1
25230,0
25551,0
22079,0
6885,0
3322,0
19658,0
30685,0
27908,1
14511,0
17768,0
11428,0
15909,1
4255,1
13209,1
13932,0
15475,1
28050,0
30063,0
18582,0
2882,0
14660,1
7822,1
7561,0
9584,0
23559,0
13252,0
20069,0
3915,1
1881,1
4282,0
14337,1
8260,1
29305,0
4659,1
18978,1
13542,1
30411,1
32252,0
4575,1
12148,1
18084,1
5533,0
6478,0
13544,0
11749,1
13486,0
24937,0
9616,0
28358,0
23649,1
16022,0
729,1
29602,0
13578,0
16072,1
22365,0
14784,0
20237,0
8029,1
4682,0
17129,1
5447,0
9585,1
5805,0
22175,0
16278,1
27809,0
5138,1
20714,1
28187,1
32256,0
2759,1
14900,0
14401,1
3276,0
7071,1
5622,1
13236,1
8276,1
28732,0
17069,1
7513,0
23373,0
15076,1
9075,0
25995,1
14759,0
10774,0
10196,1
3819,0
8827,1
8190,0
24090,1
8299,1
20971,1
7187,0
1566,0
20783,0
11012,1
13869,1
23824,1
30836,1
14283,1
22653,1
25973,1
18691,0
22875,1
14555,1
13630,0
30784,1
18398,1
15502,1
28647,0
22771,0
22814,1
6388,0
9829,0
7309,0
546,0
1213,1
11099,1
23798,0
24063,0
7597,1
21555,1
13687,0
23726,1
25016,0
22425,1
16531,0
20652,1
12028,0
1435,0
2445,0
13590,0
23369,1
13354,1
12073,0
21271,1
15276,0
8402,0
5610,1
7253,0
30585,1
19947,0
16378,0
16943,0
1887,1
4533,1
31924,1
26805,1
11950,0
16858,1
26102,1
2329,0
1904,1
25776,0
31114,1
30900,1
32156,1
12839,0
19202,0
19784,1
17466,0
660,1
1178,0
30944,0
27274,0
30201,0
5553,1
6691,0
42,0
3624,0
741,0
1935,0
30717,0
25386,0
13841,0
28213,1
12591,1
16071,0
23229,1
17375,0
22196,1
3067,0
8684,1
28348,1
17289,0
29438,1
14066,0
1749,0
25771,0
15111,1
12462,0
14174,0
17103,1
18648,0
31504,0
9817,1
13088,1
20024,0
22181,1
23362,1
6287,1
24147,0
24218,0
5476,1
12754,1
6359,0
1378,1
17071,0
17597,1
27499,0
18670,1
16453,0
18769,1
681,1
26511,0
23897,0
776,0
3530,1
11781,1
22504,1
7860,0
5967,0
3409,0
28896,0
16298,0
3482,0
28349,0
1854,0
19692,1
28995,0
1091,1
14774,1
22924,0
18443,1
9032,0
12106,1
15805,0
6312,0
5511,0
14257,0
13556,1
21474,0
4333,0
21243,1
5281,0
18159,0
20550,0
23141,0
9895,0
19547,0
30071,0
24492,0
10183,1
1943,1
7308,0
6434,0
32416,1
7001,0
2675,0
6764,0
11118,1
7242,0
6175,1
22398,0
23642,0
31117,1
22662,0
19405,1
2515,0
29119,1
3562,0
31365,1
14490,0
25950,1
31850,1
12206,1
448,0
28200,0
12027,1
10771,0
6597,1
25587,0
1496,1
24933,0
14565,1
23741,1
23067,0
31265,0
21382,1
4825,1
704,1
14325,1
20526,1
25327,0
5412,1
10937,0
28282,1
4302,0
13339,0
27149,1
15924,0
27003,0
11893,1
3700,1
13024,0
28071,1
27200,1
4025,0
16201,0
32334,0
31052,0
20589,1
934,1
5398,1
32414,1
12905,1
14486,1
20854,0
23340,0
32085,0
23530,1
24441,1
12671,0
7849,1
10878,0
152,0
6867,1
12892,0
20272,0
24738,0
2074,1
18472,1
25718,1
6558,0
17332,1
14994,1
21351,0
17264,1
16674,0
17354,0
26542,1
15996,0
26388,1
18828,0
13735,0
31606,1
6170,0
14809,1
2426,1
17860,1
294,0
7490,1
32455,0
6411,0
21123,1
21249,1
18176,1
8611,1
14830,1
5993,0
3690,0
26075,0
5331,0
19252,0
30485,1
8536,1
20369,0
19667,0
10152,1
27969,0
18567,1
31675,1
10894,0
9524,0
17042,1
28168,1
1095,0
30830,1
21372,0
22375,1
16734,1
5623,1
3958,1
28544,1
31335,1
26017,1
13602,0
25414,1
15552,1
7107,0
7673,0
27733,1
26784,1
18763,0
1177,1
1309,1
4510,0
13393,0
32456,1
15252,0
19913,0
15813,0
3004,0
8844,0
3389,1
4015,0
19463,0
27654,0
14937,1
2003,1
24978,1
10785,0
7145,1
4531,0
26710,1
268,0
5369,0
6661,0
8975,1
17787,0
15636,1
14648,0
6197,1
15154,1
3887,1
13893,0
30214,1
16478,1
1313,0
9485,0
25267,0
26046,0
12039,0
742,1
783,0
11632,0
4629,1
20326,1
6806,0
15089,1
17337,0
8510,0
15045,0
28143,1
19334,0
8753,1
30937,0
13107,1
26111,0
28781,0
22344,0
25564,1
15949,1
11775,0
31596,1
1889,0
1334,1
32062,0
25244,1
28045,1
15090,0
18607,1
10577,1
10155,0
14682,1
14011,1
29803,0
20347,0
8213,0
16326,0
15872,1
5550,0
24956,0
21018,1
25226,0
24904,1
28416,0
12223,0
14802,0
22300,0
7312,0
25409,1
17123,1
15824,1
696,1
9986,0
24741,0
21477,1
23923,1
1928,0
1734,0
21328,1
24303,0
27120,0
4389,1
15703,0
6763,1
375,0
22707,1
12664,1
21326,0
18321,1
29294,0
24392,1
24425,1
20236,0
10903,1
15290,1
20878,0
10060,1
7866,1
28202,0
7740,0
32107,1
32224,1
26663,0
25450,1
23046,1
22004,1
10158,0
14289,1
8155,1
29385,1
12891,1
12459,1
4273,0
16634,0
15343,1
8708,1
23603,1
11498,0
28634,0
8725,0
11239,0
24175,0
3635,0
7905,0
4823,0
29073,1
21608,0
21628,0
18996,1
10338,0
3707,1
24154,0
5662,0
18596,0
84,1
12528,0
21324,0
7485,0
4757,0
29354,0
3221,0
21804,0
5197,0
5012,1
20300,1
7879,0
16731,0
15967,0
22360,0
15413,0
12719,1
24714,1
1148,1
29632,1
20701,0
8037,1
1305,1
13087,1
26440,1
9822,0
27491,1
4782,1
25878,1
16741,1
25056,0
20759,1
27870,0
10952,0
30951,1
21933,1
26315,1
2227,1
611,0
21370,0
30373,0
31280,1
11066,1
17326,0
28432,0
20243,1
28297,1
20382,1
25698,1
22749,0
3905,0
27798,0
25248,0
31494,1
7699,1
11808,0
21819,0
23504,1
5257,0
4316,0
746,1
9409,0
17725,1
848,0
8690,0
25739,0
3401,1
2980,1
22748,0
21701,0
28037,1
18186,1
19926,0
5874,1
4834,0
2767,1
327,1
15810,0
234,1
31911,0
117,1
5611,0
6726,1
17360,1
28894,0
20536,1
15456,1
22117,1
28228,1
21640,0
9816,1
12751,0
3917,0
10041,0
7079,0
28777,1
21553,1
7719,1
667,1
9773,0
23405,1
12412,1
15886,1
3623,0
28287,0
15123,0
30496,0
9147,0
9715,1
32010,0
27959,1
1585,1
18267,1
11211,0
12186,1
7643,1
25641,0
6387,0
15035,0
7121,1
2769,0
30776,0
17212,0
13267,1
10079,1
2367,1
10172,1
11395,1
3865,1
11713,1
19247,0
27808,1
13516,1
27137,1
4075,1
10617,0
9898,0
14862,1
7338,0
30564,1
3347,0
15067,0
1577,0
24693,0
27680,0
10224,0
31062,1
24762,0
9014,1
5486,1
11371,0
24713,0
38,1
2790,0
5917,1
3336,1
13588,1
21743,1
23628,0
18673,1
22083,0
32247,0
13813,0
31972,0
24899,0
7978,0
22834,0
3392,0
24880,1
11522,1
5721,0
14547,0
1959,1
13650,1
14755,1
15823,1
27433,1
29200,0
8413,0
23857,1
9642,0
24740,0
2261,0
14422,1
17247,1
7241,0
23406,1
19335,0
29284,0
17497,0
